track_id,t,label,x,y,area,axis_len
1,0,2,23.126195028680687,211.085086042065,1046.0,73.0
2,0,4,24.884615384615383,135.70637898686678,1066.0,76.0
3,0,1,21.695145631067962,59.20873786407767,1030.0,76.0
1,1,2,23.15362865221489,212.57587181903864,1061.0,74.0
2,1,4,25.22761194029851,136.41044776119404,1072.0,78.0
3,1,1,23.88450962419798,60.5563703024748,1091.0,76.0
1,2,2,20.699596774193548,213.08064516129033,992.0,75.0
2,2,4,25.231267345050878,137.11748381128584,1081.0,79.0
3,2,1,21.720306513409962,59.19731800766284,1044.0,76.0
1,3,2,20.702106318956872,214.32196589769308,997.0,75.0
2,3,4,24.891324200913242,138.03470319634704,1095.0,79.0
3,3,1,21.722274881516586,59.61611374407583,1055.0,77.0
1,4,2,20.70149253731343,216.62587064676617,1005.0,76.0
2,4,4,24.892086330935253,139.52428057553956,1112.0,80.0
3,4,1,23.880463871543267,61.50044603033006,1121.0,78.0
1,5,2,20.69790628115653,217.54336989032902,1003.0,75.0
2,5,4,25.226126126126125,140.11261261261262,1110.0,81.0
3,5,1,23.906832298136646,61.69742679680568,1127.0,78.0
1,6,2,23.314523589269196,219.35430157261794,1081.0,74.0
2,6,4,25.225806451612904,140.8978494623656,1116.0,81.0
3,6,1,23.872471416007038,62.02814423922603,1137.0,79.0
1,7,2,20.729508196721312,218.97438524590163,976.0,72.0
2,7,4,24.875656742556917,141.63747810858143,1142.0,82.0
3,7,1,21.712442396313364,61.12165898617511,1085.0,80.0
1,8,2,23.503824091778203,220.70076481835565,1046.0,71.0
2,8,4,24.8770706190061,142.80906713164777,1147.0,82.0
3,8,1,23.86568457538995,62.574523396880416,1154.0,80.0
1,9,2,23.64187866927593,221.42857142857142,1022.0,70.0
2,9,4,24.88591184096802,144.06136560069143,1157.0,83.0
3,9,1,21.690217391304348,61.77445652173913,1104.0,81.0
1,10,2,21.05837837837838,221.4691891891892,925.0,67.0
2,10,4,25.236660929432013,145.49569707401034,1162.0,84.0
3,10,1,21.68632707774799,61.82931188561216,1119.0,82.0
1,11,2,21.07717750826902,222.13120176405732,907.0,66.0
2,11,4,25.22431506849315,146.43407534246575,1168.0,84.0
3,11,1,21.69858156028369,62.09308510638298,1128.0,82.0
1,12,2,20.875424688561722,222.80294450736127,883.0,65.0
2,12,4,25.22222222222222,147.28367003367003,1188.0,86.0
3,12,1,21.68920105355575,62.49517120280948,1139.0,83.0
1,13,2,20.89988358556461,223.76949941792782,859.0,63.0
2,13,4,25.22564529558701,148.74937552039967,1201.0,87.0
3,13,1,21.70173913043478,63.25391304347826,1150.0,84.0
1,14,2,20.940828402366865,224.36923076923077,845.0,62.0
2,14,4,24.893092105263158,149.77631578947367,1216.0,87.0
3,14,1,21.70618556701031,63.700171821305844,1164.0,85.0
1,15,2,24.170842824601365,226.19931662870158,878.0,60.0
2,15,4,25.225700164744644,150.62767710049422,1214.0,88.0
3,15,1,23.870340356564018,65.17504051863857,1234.0,85.0
1,16,2,21.0320987654321,226.0185185185185,810.0,59.0
2,16,4,25.209967320261438,151.9436274509804,1224.0,89.0
3,16,1,21.694256756756758,64.01773648648648,1184.0,86.0
1,17,2,21.041825095057035,226.9062103929024,789.0,57.0
2,17,4,25.227346278317153,152.9967637540453,1236.0,89.0
3,17,1,21.692695214105793,64.59865659109991,1191.0,87.0
1,18,2,24.3955500618047,228.4894932014833,809.0,56.0
2,18,4,24.881274900398406,154.4414342629482,1255.0,90.0
3,18,1,21.679135494596842,64.72568578553616,1203.0,88.0
1,19,2,21.164420485175203,229.0309973045822,742.0,53.0
2,19,4,25.217183770883054,155.72315035799522,1257.0,91.0
3,19,1,21.693508627773213,65.52999178307313,1217.0,89.0
1,20,2,24.49074074074074,230.20634920634922,756.0,52.0
2,20,4,25.212025316455698,156.73417721518987,1264.0,91.0
3,20,1,23.842428900845505,67.47886241352805,1301.0,90.0
1,21,2,23.962162162162162,230.8027027027027,740.0,51.0
2,21,4,25.208791208791208,158.0486656200942,1274.0,92.0
3,21,1,21.673354735152486,66.48555377207063,1246.0,91.0
1,22,2,21.292753623188407,231.22173913043477,690.0,49.0
2,22,4,24.869498069498068,158.97220077220078,1295.0,93.0
3,22,1,21.676,66.3536,1250.0,91.0
1,23,2,21.369822485207102,231.92307692307693,676.0,48.0
2,23,4,25.109992254066615,160.4337722695585,1291.0,93.0
3,23,1,21.67721518987342,66.92958860759494,1264.0,92.0
2,24,4,25.439005439005438,161.06759906759908,1287.0,94.0
3,24,1,23.837053571428573,68.96949404761905,1344.0,93.0
2,25,4,25.228702993092863,162.3077513430545,1303.0,94.0
3,25,1,21.680967238689547,68.11700468018721,1282.0,94.0
2,26,4,25.45245398773006,163.5590490797546,1304.0,95.0
3,26,1,21.7107501933488,68.13611755607116,1293.0,95.0
2,27,4,25.457575757575757,164.44469696969696,1320.0,97.0
3,27,1,21.71099154496541,68.41275941583397,1301.0,95.0
2,28,4,25.44973544973545,165.58427815570673,1323.0,97.0
3,28,1,21.687261632341723,68.82456140350877,1311.0,96.0
2,29,4,25.081282624906788,166.83296047725577,1341.0,98.0
3,29,1,21.687689969604865,69.01139817629179,1316.0,97.0
2,30,4,25.431124348473567,168.51526433358154,1343.0,99.0
3,30,1,21.686230248306998,69.84349134687736,1329.0,98.0
2,31,4,25.449962935507784,169.8295033358043,1349.0,100.0
3,31,1,23.830148619957537,71.91436659589526,1413.0,99.0
2,32,4,25.071953010279003,171.12041116005875,1362.0,101.0
3,32,1,21.708333333333332,70.51785714285714,1344.0,100.0
2,33,4,25.441481481481482,172.37703703703704,1350.0,101.0
3,33,1,21.699331848552337,71.4090571640683,1347.0,101.0
4,34,5,24.857962697274033,198.50502152080344,697.0,51.0
5,34,4,24.922287390029325,147.75219941348973,682.0,50.0
3,34,1,21.693047337278106,71.19526627218934,1352.0,101.0
4,35,5,24.67144906743185,199.6183644189383,697.0,51.0
5,35,4,25.258443465491922,148.81791483113068,681.0,50.0
3,35,1,21.699043414275202,71.69757174392936,1359.0,102.0
4,36,5,24.536723163841806,200.58898305084745,708.0,51.0
5,36,4,25.265988372093023,148.6264534883721,688.0,51.0
6,36,6,22.22792022792023,98.63532763532764,702.0,51.0
7,36,1,21.759882869692532,47.449487554904834,683.0,51.0
4,37,5,23.95944055944056,201.24195804195804,715.0,52.0
5,37,4,24.92022792022792,149.02991452991452,702.0,52.0
6,37,6,21.873563218390803,98.33189655172414,696.0,51.0
7,37,1,21.916546762589928,47.36690647482014,695.0,51.0
4,38,5,24.00977653631285,202.981843575419,716.0,52.0
5,38,4,24.90184921763869,150.48648648648648,703.0,51.0
6,38,6,21.77318116975749,98.74322396576319,701.0,52.0
7,38,1,24.81512605042017,47.99159663865546,714.0,51.0
4,39,5,23.850274725274726,204.5096153846154,728.0,53.0
5,39,4,25.26086956521739,151.45021037868162,713.0,53.0
6,39,6,21.755714285714287,99.47857142857143,700.0,51.0
7,39,1,22.48901098901099,48.375,728.0,52.0
4,40,5,23.47988904299584,205.70319001386963,721.0,53.0
5,40,4,24.92906815020862,152.35605006954103,719.0,53.0
6,40,6,21.766949152542374,99.89265536723164,708.0,52.0
7,40,1,22.924863387978142,48.55191256830601,732.0,52.0
4,41,5,23.263522884882107,207.75728155339806,721.0,54.0
5,41,4,25.258953168044076,153.26997245179064,726.0,53.0
6,41,6,21.75141242937853,100.83050847457628,708.0,52.0
7,41,1,22.925975773889636,48.950201884253026,743.0,53.0
4,42,5,23.51568894952251,209.24693042291952,733.0,54.0
5,42,4,24.91316146540027,154.955223880597,737.0,54.0
6,42,6,21.661559888579387,101.76740947075209,718.0,53.0
7,42,1,22.91877496671105,49.352862849533956,751.0,54.0
4,43,5,23.553306342780026,211.29554655870444,741.0,55.0
5,43,4,24.91554959785523,156.45308310991956,746.0,55.0
6,43,6,21.765432098765434,102.40466392318244,729.0,53.0
7,43,1,22.926315789473684,49.625,760.0,54.0
4,44,5,23.53004005340454,212.56475300400535,749.0,56.0
5,44,4,25.249662618083672,156.78947368421052,741.0,54.0
6,44,6,21.62721088435374,102.92789115646258,735.0,54.0
7,44,1,22.897503285151117,49.565045992115635,761.0,54.0
4,45,5,23.233731739707835,214.13413014608233,753.0,55.0
5,45,4,24.913793103448278,158.18965517241378,754.0,55.0
6,45,6,21.76558265582656,103.79132791327913,738.0,54.0
7,45,1,25.6697247706422,50.218872870249015,763.0,55.0
4,46,5,23.5065274151436,215.80548302872063,766.0,56.0
5,46,4,24.89696169088507,159.29194187582561,757.0,55.0
6,46,6,21.752673796791445,104.42379679144385,748.0,55.0
7,46,1,22.893725992317542,50.27272727272727,781.0,56.0
4,47,5,23.68516129032258,217.00516129032258,775.0,57.0
5,47,4,25.26178010471204,160.60602094240838,764.0,56.0
6,47,6,21.779816513761467,104.89777195281782,763.0,56.0
7,47,1,22.89527458492976,50.19667943805875,783.0,56.0
4,48,5,23.23643410852713,219.9405684754522,774.0,58.0
5,48,4,25.2503259452412,161.88135593220338,767.0,56.0
6,48,6,21.757894736842104,105.58684210526316,760.0,56.0
7,48,1,22.889873417721518,50.664556962025316,790.0,56.0
4,49,5,23.235668789808916,221.2140127388535,785.0,59.0
5,49,4,25.251937984496124,162.6343669250646,774.0,57.0
6,49,6,21.67142857142857,106.29220779220779,770.0,57.0
7,49,1,22.895,50.695,800.0,57.0
4,50,5,23.50124688279302,222.6857855361596,802.0,58.0
5,50,4,25.102564102564102,163.29615384615386,780.0,57.0
6,50,6,22.01528662420382,107.25222929936305,785.0,57.0
7,50,1,25.626415094339624,51.18867924528302,795.0,57.0
4,51,5,23.230099502487562,224.92164179104478,804.0,60.0
5,51,4,25.25826972010178,165.03053435114504,786.0,58.0
6,51,6,21.893536121673005,107.42839036755386,789.0,57.0
7,51,1,22.864364981504316,51.002466091245374,811.0,57.0
4,52,5,23.18742293464858,226.26263871763254,811.0,59.0
5,52,4,24.9,166.76125,800.0,58.0
6,52,6,21.891959798994975,108.51507537688443,796.0,58.0
7,52,1,22.892288861689106,51.24602203182375,817.0,58.0
4,53,5,23.060225846925974,227.55332496863238,797.0,58.0
5,53,4,25.24004975124378,167.5410447761194,804.0,59.0
6,53,6,21.785536159600998,109.16458852867831,802.0,59.0
7,53,1,22.89036144578313,51.63253012048193,830.0,59.0
4,54,5,23.431645569620255,227.92658227848102,790.0,56.0
5,54,4,25.247232472324722,168.86223862238623,813.0,60.0
6,54,6,21.64580725907384,109.84981226533166,799.0,58.0
7,54,1,22.877844311377245,52.16526946107784,835.0,59.0
4,55,5,23.38680465717982,228.6183699870634,773.0,55.0
5,55,4,25.255474452554743,169.54136253041364,822.0,60.0
6,55,6,22.01717791411043,110.5079754601227,815.0,59.0
7,55,1,22.86104513064133,51.99049881235155,842.0,59.0
4,56,5,23.094919786096256,229.90508021390374,748.0,53.0
5,56,4,25.26086956521739,170.70410628019323,828.0,60.0
6,56,6,21.77859778597786,111.33579335793358,813.0,59.0
7,56,1,25.61382598331347,52.73897497020262,839.0,60.0
4,57,5,23.05255878284924,230.74550484094053,723.0,52.0
5,57,4,25.253285543608126,172.35125448028674,837.0,61.0
6,57,6,22.03956834532374,112.09352517985612,834.0,60.0
7,57,1,25.600950118764846,52.64608076009501,842.0,60.0
4,58,5,22.607954545454547,231.7002840909091,704.0,50.0
5,58,4,24.884976525821596,173.96830985915494,852.0,62.0
6,58,6,22.02389486260454,112.96774193548387,837.0,60.0
7,58,1,22.847398843930637,53.17109826589596,865.0,61.0
4,59,5,22.88081395348837,232.20203488372093,688.0,49.0
5,59,4,24.88187134502924,175.10526315789474,855.0,62.0
6,59,6,22.024940617577197,113.71852731591449,842.0,61.0
7,59,1,25.573085846867748,53.2737819025522,862.0,61.0
4,60,5,22.442922374429223,233.59208523592085,657.0,47.0
5,60,4,24.88670520231214,176.46242774566474,865.0,63.0
6,60,6,22.022144522144522,114.66783216783217,858.0,62.0
7,60,1,25.588032220943614,53.54545454545455,869.0,62.0
4,61,5,22.73015873015873,234.37777777777777,630.0,45.0
5,61,4,25.23963133640553,178.14976958525347,868.0,63.0
6,61,6,21.906466512702078,115.8406466512702,866.0,63.0
7,61,1,22.868391451068618,53.87514060742407,889.0,63.0
4,62,5,22.580698835274543,235.44925124792013,601.0,43.0
5,62,4,24.900677200902933,179.99548532731376,886.0,64.0
6,62,6,21.667824074074073,116.53935185185185,864.0,63.0
7,62,1,22.849056603773583,53.97447280799112,901.0,63.0
4,63,5,21.924028268551236,236.68374558303887,566.0,41.0
5,63,4,25.241844769403823,181.51181102362204,889.0,65.0
6,63,6,22.01581920903955,117.63841807909604,885.0,64.0
7,63,1,25.571587125416205,54.48834628190899,901.0,64.0
4,64,5,22.3996383363472,237.2603978300181,553.0,39.0
5,64,4,25.23051224944321,182.83296213808464,898.0,66.0
6,64,6,22.023385300668153,118.24721603563475,898.0,65.0
7,64,1,22.853070175438596,54.771929824561404,912.0,64.0
4,65,5,22.28053435114504,238.0916030534351,524.0,37.0
5,65,4,25.238359201773836,184.01552106430154,902.0,66.0
6,65,6,22.017718715393134,119.06755260243632,903.0,66.0
7,65,1,22.856365614798694,55.01741022850925,919.0,65.0
4,66,5,21.911290322580644,239.1451612903226,496.0,36.0
5,66,4,25.242622950819673,185.65573770491804,915.0,66.0
6,66,6,22.024017467248907,119.90829694323143,916.0,66.0
7,66,1,22.849300322927878,54.917115177610334,929.0,65.0
5,67,4,24.894849785407725,187.46351931330472,932.0,67.0
6,67,6,22.027203482045703,120.77257889009793,919.0,66.0
7,67,1,25.570505920344456,55.46178686759957,929.0,66.0
5,68,4,25.2274678111588,188.97532188841203,932.0,68.0
6,68,6,22.027837259100643,121.91755888650964,934.0,68.0
7,68,1,22.83262711864407,55.545550847457626,944.0,66.0
5,69,4,25.253731343283583,190.5735607675906,938.0,68.0
6,69,6,22.01808510638298,122.70425531914894,940.0,68.0
7,69,1,22.83628779979145,55.89989572471324,959.0,67.0
5,70,4,25.243953732912722,191.93796004206098,951.0,69.0
6,70,6,21.913684210526316,123.88315789473684,950.0,68.0
7,70,1,22.82164948453608,56.30309278350516,970.0,68.0
5,71,4,24.88082901554404,193.3077720207254,965.0,69.0
6,71,6,22.0199370409234,124.18363064008395,953.0,69.0
7,71,1,25.568158168574403,56.60353798126951,961.0,68.0
5,72,4,25.242768595041323,194.53305785123968,968.0,70.0
6,72,6,21.905306971904267,125.17169614984391,961.0,69.0
7,72,1,22.82418699186992,56.953252032520325,984.0,69.0
5,73,4,25.252803261977572,196.0183486238532,981.0,71.0
6,73,6,22.03419689119171,126.139896373057,965.0,70.0
7,73,1,22.817085427135677,57.266331658291456,995.0,70.0
5,74,4,24.889558232931726,197.64859437751005,996.0,72.0
6,74,6,22.034800409416583,126.97952917093143,977.0,70.0
7,74,1,25.54527162977867,57.625754527162975,994.0,70.0
5,75,4,24.889221556886227,198.89021956087825,1002.0,72.0
6,75,6,22.02249488752556,127.6676891615542,978.0,70.0
7,75,1,25.562,57.895,1000.0,71.0
5,76,4,24.869565217391305,200.32312252964428,1012.0,73.0
6,76,6,22.025278058645096,128.57330637007078,989.0,71.0
7,76,1,22.786341463414633,58.23024390243902,1025.0,72.0
5,77,4,25.23715415019763,201.7005928853755,1012.0,74.0
6,77,6,22.01696606786427,129.5109780439122,1002.0,72.0
7,77,1,22.802912621359223,58.302912621359226,1030.0,72.0
5,78,4,24.897187196896216,203.5674102812803,1031.0,74.0
6,78,6,21.907297830374752,130.30473372781066,1014.0,73.0
7,78,1,22.783027965284475,58.53230472516876,1037.0,72.0
5,79,4,24.88472622478386,205.1998078770413,1041.0,75.0
6,79,6,22.033333333333335,131.16372549019607,1020.0,73.0
7,79,1,22.795019157088124,58.89463601532567,1044.0,73.0
5,80,4,24.897435897435898,206.5811965811966,1053.0,76.0
6,80,6,22.0322265625,132.298828125,1024.0,73.0
7,80,1,22.7882797731569,59.370510396975426,1058.0,74.0
5,81,4,24.884615384615383,208.70637898686678,1066.0,76.0
6,81,6,21.899232245681382,133.2648752399232,1042.0,75.0
7,81,1,22.778195488721803,59.567669172932334,1064.0,74.0
5,82,4,24.898242368177613,210.5531914893617,1081.0,78.0
6,82,6,22.034285714285716,134.79714285714286,1050.0,76.0
7,82,1,22.779425393883226,60.02224281742354,1079.0,75.0
5,83,4,24.893577981651376,212.5284403669725,1090.0,78.0
6,83,6,22.02075471698113,135.44811320754718,1060.0,76.0
7,83,1,22.775022956841138,60.403122130394856,1089.0,76.0
5,84,4,24.89090909090909,213.89818181818183,1100.0,79.0
6,84,6,22.028195488721803,136.6184210526316,1064.0,76.0
7,84,1,22.764492753623188,60.90307971014493,1104.0,77.0
5,85,4,25.21877848678213,215.28988149498633,1097.0,79.0
6,85,6,22.025998142989785,137.70659238625814,1077.0,78.0
7,85,1,22.773669972948603,61.067628494138866,1109.0,77.0
5,86,4,24.812442817932297,216.60658737419945,1093.0,77.0
6,86,6,22.020276497695853,138.55023041474655,1085.0,78.0
7,86,1,22.777280858676207,61.36940966010734,1118.0,78.0
5,87,4,25.12803738317757,217.2355140186916,1070.0,76.0
6,87,6,22.021957913998172,139.59652333028362,1093.0,78.0
7,87,1,22.766990291262136,61.8693733451015,1133.0,79.0
5,88,4,24.69281045751634,218.06162464985994,1071.0,75.0
6,88,6,21.91470054446461,140.82758620689654,1102.0,79.0
7,88,1,22.765529308836395,62.20384951881015,1143.0,80.0
5,89,4,24.60513796384396,219.06945765937203,1051.0,73.0
6,89,6,22.026978417266186,141.53956834532374,1112.0,80.0
7,89,1,25.52571926765475,62.85527462946818,1147.0,80.0
5,90,4,24.539961013645225,220.20077972709552,1026.0,71.0
6,90,6,22.016858917480036,143.0,1127.0,81.0
7,90,1,22.78253424657534,63.0333904109589,1168.0,81.0
5,91,4,24.905527638190954,220.5356783919598,995.0,70.0
6,91,6,22.030864197530864,144.16225749559084,1134.0,81.0
7,91,1,25.510692899914456,63.47305389221557,1169.0,82.0
5,92,4,24.832476875642342,221.4922918807811,973.0,68.0
6,92,6,22.01743679163034,145.2606800348736,1147.0,83.0
7,92,1,22.787037037037038,63.7037037037037,1188.0,83.0
5,93,4,24.79375,222.21875,960.0,67.0
6,93,6,22.023255813953487,146.15934539190354,1161.0,83.0
7,93,1,22.775459098497496,64.03338898163607,1198.0,83.0
5,94,4,24.72358591248666,223.19210245464248,937.0,65.0
6,94,6,22.01965811965812,147.45128205128205,1170.0,84.0
7,94,1,22.765869744435285,64.53338829348722,1213.0,84.0
5,95,4,24.659827213822894,223.75269978401727,926.0,64.0
6,95,6,22.025553662691653,148.62947189097105,1174.0,84.0
7,95,1,25.514379622021362,65.10188989317994,1217.0,85.0
5,96,4,24.595837897042717,224.32858707557503,913.0,63.0
6,96,6,21.92138630600169,149.73203719357565,1183.0,84.0
7,96,1,22.783805668016193,65.27287449392712,1235.0,86.0
5,97,4,24.509070294784582,225.35827664399093,882.0,61.0
6,97,6,22.02347024308466,150.964794635373,1193.0,85.0
7,97,1,25.498384491114702,65.64781906300485,1238.0,86.0
5,98,4,24.47289504036909,226.06459054209918,867.0,60.0
6,98,6,22.02845188284519,151.8569037656904,1195.0,86.0
7,98,1,22.77593032462391,66.20348376880443,1263.0,88.0
5,99,4,23.945157526254377,226.94865810968494,857.0,59.0
6,99,6,21.910964550700744,153.31657048639735,1213.0,87.0
7,99,1,22.76512175962294,66.53338570306363,1273.0,88.0
5,100,4,23.851140456182474,227.70828331332532,833.0,57.0
6,100,6,21.91931540342298,154.21026894865525,1227.0,87.0
7,100,1,25.52313725490196,67.11843137254903,1275.0,89.0
5,101,4,24.23134328358209,228.36318407960198,804.0,56.0
6,101,6,22.01869918699187,155.25691056910568,1230.0,88.0
7,101,1,22.782239382239382,67.27258687258687,1295.0,90.0
5,102,4,24.485639686684074,229.48433420365535,766.0,53.0
6,102,6,22.027353177795657,156.36444086886564,1243.0,89.0
7,102,1,25.502706883217325,67.62490332559938,1293.0,90.0
5,103,4,24.06524633821571,230.19174434087884,751.0,52.0
6,103,6,22.016733067729085,157.3800796812749,1255.0,90.0
7,103,1,25.495785440613027,68.00153256704981,1305.0,91.0
5,104,4,24.34257975034674,231.0499306518724,721.0,50.0
6,104,6,21.922230950510606,159.48625294579733,1273.0,91.0
7,104,1,22.799097065462753,68.53122648607976,1329.0,92.0
5,105,4,23.665706051873197,231.93515850144092,694.0,48.0
6,105,6,22.01323987538941,160.34190031152647,1284.0,92.0
7,105,1,25.494390426327598,69.05310396409872,1337.0,93.0
6,106,6,22.010077519379845,161.67286821705426,1290.0,92.0
7,106,1,23.056701030927837,69.71354933726067,1358.0,95.0
6,107,6,22.01388888888889,163.29243827160494,1296.0,93.0
7,107,1,23.046852122986824,70.09370424597364,1366.0,95.0
6,108,6,21.933990895295903,164.78224582701063,1318.0,94.0
7,108,1,23.058097312999273,70.59331880900508,1377.0,96.0
6,109,6,21.930075187969926,166.27593984962405,1330.0,95.0
7,109,1,23.06772334293948,70.80331412103746,1388.0,97.0
6,110,6,22.031555221637866,166.92261457550714,1331.0,95.0
7,110,1,23.05793991416309,71.13304721030043,1398.0,98.0
6,111,6,21.916790490341754,168.28231797919761,1346.0,97.0
7,111,1,23.080599144079887,71.09914407988587,1402.0,99.0
6,112,6,21.93220338983051,168.87177597641858,1357.0,97.0
7,112,1,23.076759061833688,71.79673063255153,1407.0,99.0
6,113,6,21.927578639356256,170.39063643013898,1367.0,98.0
7,113,1,25.795652173913044,72.78260869565217,1380.0,100.0
6,114,6,22.057310800881705,172.21160911094782,1361.0,99.0
7,114,1,25.788378766140603,73.50286944045911,1394.0,101.0
6,115,6,22.051132213294377,172.86924762600438,1369.0,101.0
7,115,1,23.076655052264808,73.08501742160279,1435.0,102.0
6,116,6,21.935064935064936,172.90404040404042,1386.0,101.0
8,116,7,25.78840579710145,98.70869565217392,690.0,50.0
9,116,1,25.285714285714285,47.721500721500725,693.0,50.0
6,117,6,21.93629205440229,174.0064423765211,1397.0,102.0
8,117,7,23.390934844192635,98.5042492917847,706.0,50.0
9,117,1,22.473011363636363,47.68892045454545,704.0,50.0
10,118,8,20.49074074074074,199.5077160493827,648.0,51.0
11,118,6,21.881405563689604,149.43777452415813,683.0,50.0
8,118,7,25.529329608938546,99.14106145251397,716.0,51.0
9,118,1,22.350210970464136,47.81293952180028,711.0,51.0
10,119,8,20.77027027027027,200.43993993993993,666.0,51.0
11,119,6,22.011611030478957,149.9390420899855,689.0,50.0
8,119,7,25.168975069252078,99.29085872576178,722.0,52.0
9,119,1,22.897902097902097,47.92307692307692,715.0,51.0
10,120,8,20.751497005988025,202.20359281437126,668.0,51.0
11,120,6,22.015918958031836,151.03907380607814,691.0,50.0
8,120,7,22.308743169398905,100.14344262295081,732.0,53.0
9,120,1,22.911357340720222,48.19113573407202,722.0,51.0
10,121,8,24.773793103448277,204.44,725.0,52.0
11,121,6,21.773371104815865,151.94759206798867,706.0,52.0
8,121,7,22.27173913043478,100.5625,736.0,52.0
9,121,1,22.92159559834938,48.624484181568086,727.0,52.0
10,122,8,21.326647564469916,204.9813753581662,698.0,52.0
11,122,6,21.765205091937766,152.92786421499292,707.0,52.0
8,122,7,22.23076923076923,101.52091767881241,741.0,53.0
9,122,1,22.921195652173914,48.72010869565217,736.0,52.0
10,123,8,21.65149359886202,206.40967283072547,703.0,53.0
11,123,6,21.757322175732217,154.25383542538356,717.0,53.0
8,123,7,22.285524568393093,102.03054448871183,753.0,53.0
9,123,1,22.92027027027027,48.862162162162164,740.0,53.0
10,124,8,25.159779614325068,209.8953168044077,726.0,53.0
11,124,6,21.64917127071823,155.54834254143645,724.0,53.0
8,124,7,22.26754966887417,102.7271523178808,755.0,54.0
9,124,1,25.68960863697706,49.46153846153846,741.0,54.0
10,125,8,21.68099861303745,209.79195561719834,721.0,54.0
11,125,6,21.63923182441701,156.7352537722908,729.0,54.0
8,125,7,24.537662337662336,103.21688311688311,770.0,54.0
9,125,1,25.68421052631579,49.4642375168691,741.0,54.0
10,126,8,25.14343707713126,212.54803788903925,739.0,53.0
11,126,6,21.76558265582656,157.79132791327913,738.0,54.0
8,126,7,22.272609819121445,104.05684754521964,774.0,55.0
9,126,1,22.926315789473684,49.625,760.0,54.0
10,127,8,21.65573770491803,212.6448087431694,732.0,54.0
11,127,6,21.787433155080215,158.47860962566844,748.0,55.0
8,127,7,22.225352112676056,104.24839948783611,781.0,55.0
9,127,1,22.897503285151117,49.565045992115635,761.0,54.0
10,128,8,25.10918774966711,215.9440745672437,751.0,55.0
11,128,6,21.636,160.41066666666666,750.0,55.0
8,128,7,24.7191435768262,105.21662468513854,794.0,56.0
9,128,1,25.680263157894736,50.113157894736844,760.0,55.0
10,129,8,25.405080213903744,217.7633689839572,748.0,55.0
11,129,6,21.76063829787234,161.28324468085106,752.0,55.0
8,129,7,22.233830845771145,106.18781094527363,804.0,57.0
9,129,1,25.674054758800523,50.38331160365059,767.0,56.0
10,130,8,21.868766404199476,218.08005249343833,762.0,56.0
11,130,6,21.757894736842104,162.58684210526314,760.0,56.0
8,130,7,24.72078720787208,106.71832718327184,813.0,58.0
9,130,1,22.89769820971867,50.16112531969309,782.0,55.0
10,131,8,25.379533678756477,221.75129533678756,772.0,57.0
11,131,6,22.028350515463917,163.85824742268042,776.0,56.0
8,131,7,22.213675213675213,107.38461538461539,819.0,58.0
9,131,1,22.883165829145728,50.51256281407035,796.0,56.0
10,132,8,25.4,222.8232258064516,775.0,57.0
11,132,6,22.01528662420382,165.25222929936305,785.0,57.0
8,132,7,24.44657863145258,108.08163265306122,833.0,59.0
9,132,1,25.6117496807152,50.55300127713921,783.0,57.0
10,133,8,25.064676616915424,225.3507462686567,804.0,58.0
11,133,6,22.01522842639594,166.46700507614213,788.0,57.0
8,133,7,22.19115890083632,109.3273596176822,837.0,59.0
9,133,1,22.864364981504316,51.002466091245374,811.0,57.0
10,134,8,25.082920792079207,227.2611386138614,808.0,58.0
11,134,6,21.88679245283019,168.55094339622642,795.0,57.0
8,134,7,22.192714453584017,110.1903642773208,851.0,60.0
9,134,1,25.59305210918114,51.274193548387096,806.0,59.0
10,135,8,21.701030927835053,227.16237113402062,776.0,56.0
11,135,6,21.638297872340427,169.6070087609512,799.0,59.0
8,135,7,24.447429906542055,110.71261682242991,856.0,61.0
9,135,1,22.891990291262136,51.75242718446602,824.0,58.0
10,136,8,25.326898326898327,229.4980694980695,777.0,55.0
11,136,6,21.777367773677735,170.72447724477246,813.0,60.0
8,136,7,24.408352668213457,111.56380510440836,862.0,60.0
9,136,1,22.876498800959233,52.13069544364508,834.0,59.0
10,137,8,21.781121751025992,228.97537619699042,731.0,53.0
11,137,6,22.032886723507918,172.4762484774665,821.0,59.0
8,137,7,22.197278911564627,112.31292517006803,882.0,62.0
9,137,1,22.87574671445639,52.26881720430107,837.0,59.0
10,138,8,21.811965811965813,229.75356125356126,702.0,51.0
11,138,6,21.90516206482593,173.94597839135653,833.0,60.0
8,138,7,22.191226096737907,113.43194600674916,889.0,62.0
9,138,1,22.862559241706162,52.61492890995261,844.0,60.0
10,139,8,25.71843251088534,232.31059506531204,689.0,49.0
11,139,6,22.02031063321386,175.87933094384707,837.0,61.0
8,139,7,24.357380688124305,114.23196448390676,901.0,64.0
9,139,1,25.600950118764846,52.64608076009501,842.0,60.0
10,140,8,22.098159509202453,231.98466257668713,652.0,47.0
11,140,6,21.77105575326216,177.30604982206407,843.0,61.0
8,140,7,22.165207877461707,115.26586433260394,914.0,64.0
9,140,1,22.85763490241102,52.99770378874857,871.0,61.0
10,141,8,21.874799357945424,232.58587479935795,623.0,46.0
11,141,6,21.783274440518255,178.4829210836278,849.0,62.0
8,141,7,24.378935939196527,115.9913137893594,921.0,65.0
9,141,1,22.87686996547756,53.333716915995396,869.0,61.0
10,142,8,22.207920792079207,233.83333333333334,606.0,43.0
11,142,6,22.01958525345622,180.29147465437788,868.0,63.0
8,142,7,22.108369098712448,117.04935622317596,932.0,65.0
9,142,1,25.589861751152075,53.51036866359447,868.0,62.0
10,143,8,22.085514834205934,234.71029668411867,573.0,42.0
11,143,6,21.782758620689656,181.6425287356322,870.0,64.0
8,143,7,24.334745762711865,117.96186440677967,944.0,65.0
9,143,1,22.87923250564334,53.818284424379236,886.0,62.0
10,144,8,22.23175182481752,235.83759124087592,548.0,40.0
11,144,6,21.89189189189189,183.73085585585585,888.0,64.0
8,144,7,24.320418848167538,118.83874345549738,955.0,67.0
9,144,1,25.588500563697856,54.10259301014656,887.0,63.0
10,145,8,25.977315689981097,237.66351606805293,529.0,38.0
11,145,6,21.920847268673356,185.03790412486066,897.0,64.0
8,145,7,24.317098445595853,119.84041450777202,965.0,67.0
9,145,1,25.571746384872082,54.414905450500555,899.0,64.0
10,146,8,22.502923976608187,237.5653021442495,513.0,37.0
11,146,6,22.02980132450331,186.25717439293598,906.0,65.0
8,146,7,24.29158110882957,120.16837782340862,974.0,68.0
9,146,1,22.852585258525853,54.66886688668867,909.0,64.0
10,147,8,22.351129363449694,238.24640657084188,487.0,35.0
11,147,6,21.90251916757941,187.45345016429354,913.0,66.0
8,147,7,24.302874743326488,120.9517453798768,974.0,69.0
9,147,1,25.579933847850054,54.742006615215,907.0,64.0
11,148,6,22.031453362255967,188.68763557483732,922.0,67.0
8,148,7,22.049847405900305,121.48016276703967,983.0,68.0
9,148,1,25.597587719298247,54.9375,912.0,65.0
11,149,6,21.911922663802365,190.2406015037594,931.0,67.0
8,149,7,22.07150050352467,122.78449144008056,993.0,69.0
9,149,1,25.56771397616468,55.274106175514625,923.0,66.0
11,150,6,22.029850746268657,191.3678038379531,938.0,67.0
8,150,7,24.29270729270729,123.6033966033966,1001.0,70.0
9,150,1,22.841825902335458,55.69426751592356,942.0,66.0
11,151,6,21.920251836306402,193.5813221406086,953.0,69.0
8,151,7,24.27794263105836,124.59940652818992,1011.0,71.0
9,151,1,25.576271186440678,55.980932203389834,944.0,67.0
11,152,6,22.028183716075155,195.38726513569938,958.0,69.0
8,152,7,24.2705078125,126.0546875,1024.0,71.0
9,152,1,22.82164948453608,56.30309278350516,970.0,68.0
11,153,6,21.919753086419753,196.87139917695472,972.0,70.0
8,153,7,22.02133850630456,126.71871968962172,1031.0,72.0
9,153,1,22.81584362139918,56.63168724279836,972.0,68.0
11,154,6,22.019367991845055,198.66156982670745,981.0,70.0
8,154,7,24.267430754536772,127.99808978032473,1047.0,73.0
9,154,1,22.82233502538071,56.8994923857868,985.0,69.0
11,155,6,22.00303336703741,200.29322548028313,989.0,71.0
8,155,7,22.025568181818183,128.87689393939394,1056.0,73.0
9,155,1,22.818273092369477,57.21586345381526,996.0,70.0
11,156,6,21.995963673057517,202.20787083753785,991.0,71.0
8,156,7,24.589385474860336,129.82867783985103,1074.0,75.0
9,156,1,22.808764940239044,57.591633466135455,1004.0,70.0
11,157,6,21.92482690405539,203.8803165182987,1011.0,72.0
8,157,7,24.599444958371876,130.62072155411656,1081.0,76.0
9,157,1,25.565434565434565,57.93006993006993,1001.0,71.0
11,158,6,21.91437007874016,205.98228346456693,1016.0,72.0
8,158,7,24.60183486238532,132.00366972477065,1090.0,76.0
9,158,1,22.790243902439023,58.23024390243902,1025.0,72.0
11,159,6,22.01356589147287,206.73934108527132,1032.0,74.0
8,159,7,24.58287795992714,132.37340619307832,1098.0,76.0
9,159,1,22.798839458413926,58.60058027079304,1034.0,72.0
11,160,6,22.0009633911368,208.8150289017341,1038.0,74.0
8,160,7,24.557761732851986,133.91696750902528,1108.0,77.0
9,160,1,25.537054860442733,59.12319538017324,1039.0,73.0
11,161,6,21.684615384615384,210.8125,1040.0,75.0
8,161,7,21.975935828877006,135.15151515151516,1122.0,78.0
9,161,1,22.782813975448537,59.403210576015105,1059.0,74.0
11,162,6,22.007540056550425,212.7181903864279,1061.0,76.0
8,162,7,21.966401414677275,136.40053050397879,1131.0,78.0
9,162,1,25.557964184731386,60.01225259189444,1061.0,75.0
11,163,6,21.708372530573847,214.4967074317968,1063.0,76.0
8,163,7,24.559859154929576,137.46478873239437,1136.0,79.0
9,163,1,22.786506469500925,60.16820702402958,1082.0,75.0
11,164,6,21.991643454038996,216.13091922005572,1077.0,77.0
8,164,7,21.960138648180244,138.26083188908146,1154.0,80.0
9,164,1,22.789184234647113,60.66086159486709,1091.0,76.0
11,165,6,22.063197026022305,217.19052044609666,1076.0,76.0
8,165,7,24.540051679586565,139.33161068044788,1161.0,80.0
9,165,1,22.771897810218977,60.63412408759124,1096.0,76.0
11,166,6,21.805318138651472,218.13485280151946,1053.0,74.0
8,166,7,21.922487223168655,140.23339011925043,1174.0,82.0
9,166,1,22.773669972948603,61.067628494138866,1109.0,77.0
11,167,6,22.190019193857964,219.06813819577735,1042.0,73.0
8,167,7,21.923593618807725,141.5600335852225,1191.0,82.0
9,167,1,22.777280858676207,61.36940966010734,1118.0,78.0
11,168,6,21.916338582677167,219.82874015748033,1016.0,71.0
8,168,7,24.52911813643927,142.66971713810315,1202.0,83.0
9,168,1,22.77797513321492,61.63410301953819,1126.0,78.0
11,169,6,22.288690476190474,220.6547619047619,1008.0,70.0
8,169,7,24.522314049586775,143.4,1210.0,84.0
9,169,1,25.54706927175844,62.150088809946716,1126.0,79.0
11,170,6,22.044852191641183,221.44036697247705,981.0,69.0
8,170,7,24.504926108374384,144.65353037766832,1218.0,85.0
9,170,1,25.506140350877192,62.444736842105264,1140.0,80.0
11,171,6,22.12551867219917,222.24066390041494,964.0,67.0
8,171,7,24.523925385239252,145.8272506082725,1233.0,85.0
9,171,1,25.54159445407279,63.077123050259964,1154.0,81.0
11,172,6,22.18278427205101,223.20510095642933,941.0,65.0
8,172,7,24.514469453376204,146.94292604501607,1244.0,86.0
9,172,1,22.786507258753204,63.13407344150299,1171.0,81.0
11,173,6,22.56512378902045,224.06889128094724,929.0,64.0
8,173,7,24.494426751592357,147.99761146496814,1256.0,87.0
9,173,1,25.51656754460493,63.712829226847916,1177.0,82.0
11,174,6,22.284928492849286,224.4961496149615,909.0,63.0
8,174,7,22.302861685214626,149.06597774244833,1258.0,87.0
9,174,1,22.775459098497496,64.03338898163607,1198.0,83.0
11,175,6,22.338218714768885,225.3675310033822,887.0,61.0
8,175,7,22.299293008641005,150.5632364493323,1273.0,88.0
9,175,1,22.765869744435285,64.53338829348722,1213.0,84.0
11,176,6,22.767468499427263,226.36540664375715,873.0,60.0
8,176,7,24.472783825816485,151.13763608087092,1286.0,89.0
9,176,1,25.503728251864125,64.70671085335543,1207.0,84.0
11,177,6,22.839811542991754,227.226148409894,849.0,58.0
8,177,7,24.493846153846153,152.42923076923077,1300.0,90.0
9,177,1,22.780944625407166,65.03338762214983,1228.0,85.0
11,178,6,22.910648714810282,228.1860465116279,817.0,56.0
8,178,7,24.48819497334349,153.90555978674792,1313.0,91.0
9,178,1,22.771520514883345,65.53338696701529,1243.0,86.0
11,179,6,22.70138017565872,228.7352572145546,797.0,55.0
8,179,7,24.481845688350983,154.91906202723146,1322.0,91.0
9,179,1,22.772182254196643,65.80015987210231,1251.0,87.0
11,180,6,22.78748370273794,229.72750977835724,767.0,53.0
8,180,7,22.25716440422323,156.31146304675715,1326.0,92.0
9,180,1,25.494837172359016,66.4440031771247,1259.0,88.0
11,181,6,22.859838274932613,230.5768194070081,742.0,51.0
8,181,7,24.78619153674833,157.74461766889385,1347.0,94.0
9,181,1,22.766823161189357,66.70344287949922,1278.0,89.0
11,182,6,23.25207756232687,231.3185595567867,722.0,50.0
8,182,7,24.7790096082779,158.81079083518108,1353.0,94.0
9,182,1,22.785547785547784,67.03263403263404,1287.0,89.0
11,183,6,23.291784702549574,231.78328611898016,706.0,49.0
8,183,7,24.775976418570377,159.5976418570376,1357.0,94.0
9,183,1,22.77563608326908,67.36777178103316,1297.0,90.0
8,184,7,22.50687907313541,161.59160028964519,1381.0,96.0
9,184,1,25.502706883217325,67.62490332559938,1293.0,90.0
8,185,7,22.516894320632638,161.91229331416247,1391.0,97.0
9,185,1,25.50993883792049,68.06422018348624,1308.0,91.0
8,186,7,22.485652797704446,163.01147776183643,1394.0,97.0
9,186,1,22.78021148036254,68.33232628398791,1324.0,92.0
8,187,7,22.52062588904694,164.18349928876245,1406.0,98.0
9,187,1,23.073463268365817,68.89580209895053,1334.0,93.0
8,188,7,24.75854700854701,165.17165242165242,1404.0,99.0
9,188,1,22.816964285714285,69.16666666666667,1344.0,94.0
8,189,7,24.745042492917847,166.69334277620396,1412.0,100.0
9,189,1,25.818867924528302,70.19924528301887,1325.0,95.0
8,190,7,22.21015514809591,168.40267983074753,1418.0,101.0
9,190,1,25.807606263982102,70.87472035794184,1341.0,96.0
8,191,7,24.758572428271517,168.97830650804758,1429.0,102.0
9,191,1,22.798111837327525,70.359477124183,1377.0,96.0
12,192,9,24.16302765647744,194.07278020378456,687.0,50.0
13,192,7,23.340425531914892,144.46099290780143,705.0,50.0
9,192,1,23.062634989200863,70.792656587473,1389.0,97.0
12,193,9,24.166902404526166,196.53465346534654,707.0,51.0
13,193,7,23.388967468175387,145.68741159830267,707.0,51.0
9,193,1,23.068620443173696,71.29807005003573,1399.0,98.0
12,194,9,24.342776203966007,198.4943342776204,706.0,51.0
13,194,7,21.28811188811189,146.92587412587412,715.0,51.0
9,194,1,23.076759061833688,71.79673063255153,1407.0,99.0
12,195,9,24.276625172890732,200.52697095435684,723.0,53.0
13,195,7,21.033566433566435,148.33846153846153,715.0,52.0
9,195,1,23.09957627118644,72.32203389830508,1416.0,100.0
12,196,9,24.37150837988827,201.62709497206703,716.0,52.0
13,196,7,21.37431693989071,149.2691256830601,732.0,52.0
9,196,1,23.07811400422238,72.95003518648839,1421.0,101.0
12,197,9,24.274324324324326,202.34594594594594,740.0,53.0
13,197,7,23.622972972972974,149.36621621621623,740.0,52.0
14,197,10,22.97142857142857,98.18428571428572,700.0,50.0
15,197,1,22.396280400572245,47.70958512160229,699.0,50.0
12,198,9,24.264507422402158,203.4345479082321,741.0,53.0
13,198,7,21.537949400798936,150.42876165113182,751.0,54.0
14,198,10,23.222849083215795,98.52750352609308,709.0,50.0
15,198,1,22.266381766381766,47.528490028490026,702.0,50.0
12,199,9,24.397297297297296,204.49324324324326,740.0,54.0
13,199,7,23.61873350923483,151.08970976253298,758.0,54.0
14,199,10,26.667697063369395,98.30757341576506,647.0,51.0
15,199,1,22.012893982808023,47.34097421203438,698.0,50.0
12,200,9,24.2803738317757,205.93457943925233,749.0,54.0
13,200,7,21.567144719687093,152.22294654498043,767.0,55.0
14,200,10,23.301369863013697,99.45890410958904,730.0,52.0
15,200,1,23.86013986013986,48.07132867132867,715.0,51.0
12,201,9,24.094164456233422,207.4496021220159,754.0,55.0
13,201,7,24.498711340206185,152.94845360824743,776.0,55.0
14,201,10,26.646433990895297,99.23672230652504,659.0,52.0
15,201,1,23.74479889042996,48.245492371705964,721.0,51.0
12,202,9,23.72454308093995,209.77284595300262,766.0,55.0
13,202,7,24.50507614213198,154.3451776649746,788.0,56.0
14,202,10,23.29769959404601,100.57374830852504,739.0,52.0
15,202,1,21.549562682215743,47.64868804664723,686.0,52.0
12,203,9,23.43989431968296,211.89167767503304,757.0,56.0
13,203,7,22.256962025316454,155.55443037974683,790.0,56.0
14,203,10,23.291834002677376,101.31459170013387,747.0,53.0
15,203,1,21.564028776978418,47.63021582733813,695.0,52.0
12,204,9,23.387566137566136,212.85185185185185,756.0,57.0
13,204,7,22.198998748435546,156.85732165206508,799.0,57.0
14,204,10,26.668639053254438,101.35798816568047,676.0,53.0
15,204,1,21.531518624641834,48.1189111747851,698.0,53.0
12,205,9,23.387516254876463,214.82444733420027,769.0,56.0
13,205,7,24.44649446494465,157.50430504305044,813.0,58.0
14,205,10,23.28722002635046,102.40184453227931,759.0,54.0
15,205,1,21.54131054131054,47.896011396011396,702.0,53.0
12,206,9,23.415816326530614,216.8826530612245,784.0,58.0
13,206,7,22.207107843137255,158.98529411764707,816.0,58.0
14,206,10,23.3,103.12207792207792,770.0,55.0
15,206,1,23.71808510638298,49.17686170212766,752.0,53.0
12,207,9,23.382239382239383,218.54311454311454,777.0,58.0
13,207,7,24.4652862362972,160.45919610231425,821.0,59.0
14,207,10,23.290115532734276,104.1232349165597,779.0,55.0
15,207,1,21.527196652719667,48.735006973500695,717.0,54.0
12,208,9,23.3992443324937,220.78085642317382,794.0,58.0
13,208,7,22.197841726618705,161.51558752997602,834.0,60.0
14,208,10,23.304071246819337,104.67430025445293,786.0,56.0
15,208,1,21.553398058252426,48.87101248266297,721.0,55.0
12,209,9,23.38529784537389,222.0443599493029,789.0,59.0
13,209,7,22.414691943127963,162.76421800947867,844.0,60.0
14,209,10,23.288242730720608,105.51201011378002,791.0,56.0
15,209,1,21.540577716643742,48.99174690508941,727.0,55.0
12,210,9,23.3675,223.99,800.0,59.0
13,210,7,24.67924528301887,163.70872641509433,848.0,60.0
14,210,10,23.295143212951434,105.89539227895392,803.0,57.0
15,210,1,21.55525238744884,49.26193724420191,733.0,56.0
12,211,9,23.363858363858363,226.05250305250306,819.0,60.0
13,211,7,24.402582159624412,165.4788732394366,852.0,60.0
14,211,10,23.320987654320987,106.92962962962963,810.0,57.0
15,211,1,23.682219419924337,50.546027742749054,793.0,56.0
12,212,9,23.291563275434243,227.33126550868485,806.0,58.0
13,212,7,22.178571428571427,167.19009216589862,868.0,61.0
14,212,10,26.668032786885245,107.35655737704919,732.0,57.0
15,212,1,21.747081712062258,50.12970168612192,771.0,57.0
12,213,9,23.294573643410853,228.0284237726098,774.0,56.0
13,213,7,22.146285714285714,168.1817142857143,875.0,62.0
14,213,10,23.331724969843183,109.0,829.0,59.0
15,213,1,21.75064599483204,50.04521963824289,774.0,57.0
12,214,9,23.201581027667984,229.30434782608697,759.0,54.0
13,214,7,24.38556933483653,169.84441939120632,887.0,63.0
14,214,10,23.32219570405728,109.77565632458234,838.0,59.0
15,214,1,24.007334963325185,51.559902200489,818.0,58.0
12,215,9,22.91156462585034,230.35374149659864,735.0,53.0
13,215,7,24.40382452193476,171.30596175478064,889.0,63.0
14,215,10,23.33450704225352,110.25352112676056,852.0,60.0
15,215,1,21.751908396946565,50.72773536895674,786.0,58.0
12,216,9,23.01388888888889,230.70277777777778,720.0,52.0
13,216,7,22.173719376391983,173.130289532294,898.0,63.0
14,216,10,23.308051341890316,111.61260210035006,857.0,60.0
15,216,1,24.008383233532935,52.125748502994014,835.0,59.0
12,217,9,22.74461979913917,231.8020086083214,697.0,50.0
13,217,7,24.380794701986755,174.31898454746135,906.0,64.0
14,217,10,23.322543352601155,112.71329479768787,865.0,61.0
15,217,1,21.56637168141593,51.017699115044245,791.0,59.0
12,218,9,22.708579881656803,232.60355029585799,676.0,49.0
13,218,7,24.36951754385965,175.33662280701753,912.0,64.0
14,218,10,26.674744897959183,112.25255102040816,784.0,61.0
15,218,1,21.73006134969325,51.65398773006135,815.0,60.0
12,219,9,22.604294478527606,233.6840490797546,652.0,46.0
13,219,7,24.365301724137932,176.60129310344828,928.0,65.0
14,219,10,23.33256880733945,113.94724770642202,872.0,61.0
15,219,1,21.708585247883917,52.04353083434099,827.0,61.0
12,220,9,22.53980891719745,234.3248407643312,628.0,45.0
13,220,7,22.140708915145005,177.93233082706766,931.0,65.0
14,220,10,26.675062972292192,113.79722921914357,794.0,62.0
15,220,1,23.97035347776511,53.4618015963512,877.0,62.0
12,221,9,22.419301164725457,235.38602329450916,601.0,43.0
13,221,7,24.321925133689838,179.39358288770055,935.0,66.0
14,221,10,23.317977528089887,115.52022471910112,890.0,62.0
15,221,1,21.541717049576782,52.51390568319226,827.0,62.0
12,222,9,22.235395189003437,236.13917525773195,582.0,41.0
13,222,7,22.12578616352201,180.53878406708594,954.0,66.0
14,222,10,23.32035595105673,115.84872080088988,899.0,63.0
15,222,1,21.709371293001187,52.6073546856465,843.0,62.0
12,223,9,22.14568345323741,237.03057553956833,556.0,40.0
13,223,7,24.32463465553236,182.13256784968684,958.0,67.0
14,223,10,23.32668881506091,116.9811738648948,903.0,63.0
15,223,1,21.524433849821214,53.00834326579261,839.0,63.0
12,224,9,22.080524344569287,237.73595505617976,534.0,38.0
13,224,7,22.076446280991735,183.33264462809916,968.0,68.0
14,224,10,23.311816192560176,117.4288840262582,914.0,64.0
15,224,1,23.964757709251103,54.45374449339207,908.0,64.0
12,225,9,21.920542635658915,238.44573643410854,516.0,37.0
13,225,7,22.100409836065573,184.6454918032787,976.0,68.0
14,225,10,23.33115468409586,118.42047930283225,918.0,64.0
15,225,1,21.703917050691246,53.414746543778804,868.0,64.0
13,226,7,24.2986748216106,185.91743119266056,981.0,69.0
14,226,10,26.66466346153846,118.50120192307692,832.0,65.0
15,226,1,21.72852233676976,53.664375715922105,873.0,64.0
13,227,7,22.042381432896065,187.17759838546922,991.0,69.0
14,227,10,23.327604726100965,119.93555316863588,931.0,65.0
15,227,1,21.709421112372304,53.912599318955735,881.0,65.0
13,228,7,22.070929070929072,188.8001998001998,1001.0,70.0
14,228,10,23.343881856540083,120.98945147679325,948.0,67.0
15,228,1,21.740449438202248,54.07752808988764,890.0,65.0
13,229,7,22.081268582755204,190.21407333994054,1009.0,71.0
14,229,10,23.335774058577407,121.71652719665272,956.0,67.0
15,229,1,21.71875,54.357142857142854,896.0,66.0
13,230,7,22.06286836935167,191.58742632612967,1018.0,72.0
14,230,10,26.659012629161882,121.8369690011481,871.0,68.0
15,230,1,21.73561946902655,54.578539823008846,904.0,66.0
13,231,7,24.27609756097561,193.53658536585365,1025.0,72.0
14,231,10,23.351020408163265,124.01632653061225,980.0,69.0
15,231,1,21.72628135223555,55.05888767720829,917.0,67.0
13,232,7,24.26829268292683,195.08975609756098,1025.0,72.0
14,232,10,23.34552845528455,124.8790650406504,984.0,69.0
15,232,1,21.73491379310345,55.372844827586206,928.0,68.0
13,233,7,22.038610038610038,196.5453667953668,1036.0,72.0
14,233,10,23.337701612903224,125.88407258064517,992.0,69.0
15,233,1,21.729586426299047,55.813361611876985,943.0,69.0
13,234,7,24.263358778625953,197.96374045801528,1048.0,73.0
14,234,10,23.32934131736527,126.49301397205589,1002.0,70.0
15,234,1,21.73044397463002,55.89217758985201,946.0,69.0
13,235,7,22.02165725047081,199.6581920903955,1062.0,74.0
14,235,10,23.32171314741036,127.55179282868527,1004.0,70.0
15,235,1,21.730688935281837,56.33611691022965,958.0,70.0
13,236,7,24.58933582787652,201.05238540692235,1069.0,75.0
14,236,10,23.343503937007874,128.20669291338584,1016.0,71.0
15,236,1,21.732291666666665,56.35208333333333,960.0,70.0
13,237,7,24.588018433179723,202.5336405529954,1085.0,76.0
14,237,10,23.355275895450145,129.2487899322362,1033.0,72.0
15,237,1,23.926181102362204,58.0,1016.0,71.0
13,238,7,24.874427131072412,204.06324472960586,1091.0,76.0
14,238,10,23.340996168582375,130.183908045977,1044.0,73.0
15,238,1,23.917153996101366,58.34892787524367,1026.0,72.0
13,239,7,21.9818676337262,205.93925657298277,1103.0,77.0
14,239,10,23.335870599429114,131.02949571836345,1051.0,73.0
15,239,1,23.92248062015504,58.565891472868216,1032.0,72.0
13,240,7,21.954301075268816,207.32616487455198,1116.0,78.0
14,240,10,23.35868544600939,132.2037558685446,1065.0,74.0
15,240,1,23.907335907335906,58.45849420849421,1036.0,72.0
13,241,7,24.86286731967943,209.560106856634,1123.0,78.0
14,241,10,23.34269662921348,133.3810861423221,1068.0,74.0
15,241,1,21.708582834331338,58.32035928143713,1002.0,74.0
13,242,7,21.93661971830986,210.91197183098592,1136.0,79.0
14,242,10,23.350553505535057,134.52029520295204,1084.0,76.0
15,242,1,21.721506442021802,58.50247770069376,1009.0,74.0
13,243,7,24.546409807355516,212.4772329246935,1142.0,80.0
14,243,10,26.66395112016293,134.469450101833,982.0,76.0
15,243,1,21.700293829578843,58.920666013712044,1021.0,75.0
13,244,7,24.5528384279476,213.92401746724892,1145.0,79.0
14,244,10,26.634343434343435,135.12525252525253,990.0,77.0
15,244,1,21.695145631067962,59.20873786407767,1030.0,76.0
13,245,7,24.53125,215.72569444444446,1152.0,80.0
14,245,10,26.647532729103727,136.26485397784492,993.0,77.0
15,245,1,23.900909090909092,60.801818181818184,1100.0,77.0
13,246,7,21.917175239755885,216.85440278988665,1147.0,79.0
14,246,10,23.35982142857143,138.40892857142856,1120.0,78.0
15,246,1,21.722274881516586,59.61611374407583,1055.0,77.0
13,247,7,22.26297273526825,217.429199648197,1137.0,78.0
14,247,10,23.34540636042403,139.01855123674912,1132.0,79.0
15,247,1,21.685903500473035,60.17691579943236,1057.0,78.0
13,248,7,22.285457809694794,218.33213644524238,1114.0,76.0
14,248,10,23.34561403508772,140.01140350877193,1140.0,79.0
15,248,1,21.702347417840375,60.4093896713615,1065.0,78.0
13,249,7,24.723384895359416,218.8434940855323,1099.0,75.0
14,249,10,23.352223190932868,141.28073234524848,1147.0,80.0
15,249,1,23.887323943661972,62.034330985915496,1136.0,79.0
13,250,7,22.260667903525047,219.66883116883116,1078.0,74.0
14,250,10,23.346921075455334,142.4640069384215,1153.0,80.0
15,250,1,23.88041594454073,62.563258232235704,1154.0,80.0
13,251,7,24.780395852968898,220.10461828463713,1061.0,72.0
14,251,10,26.629665071770336,142.0200956937799,1045.0,81.0
15,251,1,21.71181818181818,61.165454545454544,1100.0,80.0
13,252,7,25.316042267050914,220.80499519692603,1041.0,71.0
14,252,10,23.352941176470587,144.4543904518329,1173.0,82.0
15,252,1,21.69036903690369,61.54095409540954,1111.0,81.0
13,253,7,24.90048780487805,221.32780487804877,1025.0,70.0
14,253,10,26.631232361241768,144.18344308560677,1063.0,82.0
15,253,1,21.69107142857143,61.84107142857143,1120.0,82.0
13,254,7,25.08108108108108,222.16316316316318,999.0,68.0
14,254,10,23.345668629100086,146.34062237174095,1189.0,82.0
15,254,1,23.852130325814535,63.93734335839599,1197.0,83.0
13,255,7,25.209230769230768,222.99384615384616,975.0,67.0
14,255,10,26.630797773654916,146.71614100185528,1078.0,83.0
15,255,1,21.702090592334496,62.80400696864111,1148.0,84.0
13,256,7,25.281217208814272,223.66002098635886,953.0,65.0
14,256,10,23.35411471321696,148.87531172069825,1203.0,83.0
15,256,1,21.70618556701031,63.700171821305844,1164.0,85.0
13,257,7,22.57848518111965,224.90779363336992,911.0,63.0
14,257,10,26.63594890510949,149.39233576642334,1096.0,84.0
15,257,1,21.69158878504673,63.76720475785896,1177.0,86.0
13,258,7,25.041340782122905,225.51396648044692,895.0,62.0
14,258,10,26.633574007220215,150.79241877256317,1108.0,85.0
15,258,1,21.694256756756758,64.01773648648648,1184.0,86.0
13,259,7,22.734553775743706,226.1178489702517,874.0,60.0
14,259,10,23.33682514101531,152.64625302175665,1241.0,86.0
15,259,1,21.678391959798994,64.43634840871022,1194.0,87.0
13,260,7,25.39047619047619,226.83095238095237,840.0,58.0
14,260,10,26.62854609929078,153.04078014184398,1128.0,87.0
15,260,1,21.708126036484245,65.20812603648424,1206.0,88.0
13,261,7,25.150061500615006,227.90282902829028,813.0,56.0
14,261,10,23.345698500394633,155.5848460931334,1267.0,88.0
15,261,1,23.853146853146853,66.99378399378399,1287.0,89.0
13,262,7,25.389593908629443,228.33883248730965,788.0,55.0
14,262,10,23.364632237871675,156.377151799687,1278.0,88.0
15,262,1,21.693811074918568,65.6555374592834,1228.0,90.0
13,263,7,22.65290322580645,229.28,775.0,54.0
14,263,10,23.35436137071651,157.18847352024923,1284.0,89.0
15,263,1,21.688816855753647,66.08265802269044,1234.0,90.0
13,264,7,25.436827956989248,229.56989247311827,744.0,52.0
14,264,10,23.371252882398156,158.45196003074557,1301.0,90.0
15,264,1,21.673354735152486,66.48555377207063,1246.0,91.0
13,265,7,22.760055478502082,230.88210818307905,721.0,50.0
14,265,10,23.378132118451024,159.68109339407744,1317.0,91.0
15,265,1,21.68265387689848,66.76179056754596,1251.0,92.0
14,266,10,26.647698744769876,160.10543933054393,1195.0,92.0
15,266,1,21.690980392156863,67.41568627450981,1275.0,93.0
14,267,10,23.362891207153503,162.13785394932935,1342.0,93.0
15,267,1,21.680967238689547,68.11700468018721,1282.0,94.0
14,268,10,23.697847067557536,164.05939123979212,1347.0,93.0
15,268,1,21.7107501933488,68.13611755607116,1293.0,95.0
14,269,10,26.82201986754967,163.76407284768212,1208.0,95.0
15,269,1,23.83211678832117,70.25839416058395,1370.0,95.0
14,270,10,23.709464416727805,166.1408657373441,1363.0,95.0
15,270,1,21.69418960244648,69.31269113149847,1308.0,97.0
14,271,10,26.827614379084967,166.11029411764707,1224.0,96.0
15,271,1,23.82842785355348,70.93754486719311,1393.0,97.0
14,272,10,23.71170520231214,168.7478323699422,1384.0,96.0
15,272,1,21.693293142426526,69.48831951770912,1327.0,98.0
14,273,10,23.719424460431654,169.11223021582734,1390.0,97.0
15,273,1,23.85053380782918,71.56370106761565,1405.0,98.0
14,274,10,23.72753209700428,170.47360912981455,1402.0,98.0
15,274,1,23.830148619957537,71.91436659589526,1413.0,99.0
14,275,10,26.860649247822643,171.14568487727632,1263.0,100.0
15,275,1,23.837799717912553,72.41889985895628,1418.0,100.0
14,276,10,26.86703383162864,171.61526357199057,1271.0,101.0
15,276,1,23.824400564174894,72.58039492242595,1418.0,100.0
14,277,10,26.86349453978159,172.11466458658347,1282.0,102.0
16,277,11,21.319465081723624,96.9078751857355,673.0,50.0
17,277,1,24.30515759312321,47.44555873925501,698.0,50.0
18,278,12,26.346846846846848,199.0015015015015,666.0,50.0
19,278,10,23.28774928774929,148.32051282051282,702.0,50.0
16,278,11,23.57968970380818,98.27080394922426,709.0,51.0
17,278,1,21.89051094890511,47.21167883211679,685.0,50.0
18,279,12,22.696927374301676,199.9427374301676,716.0,51.0
19,279,10,26.670866141732283,148.90866141732283,635.0,50.0
16,279,11,24.153089887640448,98.8314606741573,712.0,52.0
17,279,1,21.7106824925816,46.77151335311573,674.0,50.0
18,280,12,22.66851595006935,201.24410540915395,721.0,52.0
19,280,10,23.304044630404462,150.03905160390516,717.0,51.0
16,280,11,22.386779184247537,98.42475386779184,711.0,51.0
17,280,1,24.00700280112045,48.088235294117645,714.0,51.0
18,281,12,25.92394366197183,203.22957746478872,710.0,52.0
19,281,10,26.650381679389312,151.13740458015266,655.0,52.0
16,281,11,24.340813464235623,100.62692847124825,713.0,52.0
17,281,1,23.74479889042996,48.245492371705964,721.0,51.0
18,282,12,21.751373626373628,204.57554945054946,728.0,52.0
19,282,10,23.301369863013697,152.45890410958904,730.0,52.0
16,282,11,22.386331938633194,100.03347280334728,717.0,52.0
17,282,1,23.732605729877218,48.679399727148706,733.0,52.0
18,283,12,25.33921302578019,205.2157394843962,737.0,52.0
19,283,10,23.292181069958847,153.45541838134432,729.0,52.0
16,283,11,22.351724137931033,100.53103448275863,725.0,53.0
17,283,1,21.533333333333335,47.79855072463768,690.0,52.0
18,284,12,21.42972972972973,207.52297297297298,740.0,53.0
19,284,10,26.667161961367015,154.34175334323922,673.0,53.0
16,284,11,24.331071913161466,102.54409769335142,737.0,53.0
17,284,1,21.545064377682404,48.08726752503576,699.0,53.0
18,285,12,25.348464619492656,208.79706275033377,749.0,53.0
19,285,10,23.286479250334672,156.00803212851406,747.0,53.0
16,285,11,22.3433242506812,102.37465940054496,734.0,53.0
17,285,1,23.71808510638298,49.17686170212766,752.0,53.0
18,286,12,25.343541944074566,210.728362183755,751.0,53.0
19,286,10,26.657856093979444,157.0778267254038,681.0,54.0
16,286,11,22.35514018691589,102.88251001335114,749.0,54.0
17,286,1,21.527196652719667,48.735006973500695,717.0,54.0
18,287,12,21.384920634920636,212.2724867724868,756.0,54.0
19,287,10,26.68122270742358,157.90684133915576,687.0,54.0
16,287,11,22.3288948069241,103.61784287616511,751.0,55.0
17,287,1,21.553398058252426,48.87101248266297,721.0,55.0
18,288,12,21.388526727509777,213.6297262059974,767.0,54.0
19,288,10,26.669565217391305,158.9840579710145,690.0,54.0
16,288,11,24.576564580559253,105.1797603195739,751.0,55.0
17,288,1,23.718709677419355,49.9458064516129,775.0,55.0
18,289,12,21.379400260756192,215.51108213820078,767.0,55.0
19,289,10,23.284427284427284,160.96138996138995,777.0,55.0
16,289,11,24.29373368146214,106.52480417754569,766.0,55.0
17,289,1,21.55449591280654,49.2275204359673,734.0,56.0
18,290,12,25.286082474226806,216.97938144329896,776.0,55.0
19,290,10,23.290115532734276,162.12323491655968,779.0,55.0
16,290,11,24.31958762886598,107.39948453608247,776.0,56.0
17,290,1,21.529490616621985,49.66219839142091,746.0,56.0
18,291,12,25.266922094508303,218.59897828863348,783.0,56.0
19,291,10,23.304182509505704,163.43979721166033,789.0,56.0
16,291,11,24.545219638242894,108.07881136950904,774.0,56.0
17,291,1,21.766623207301173,49.79400260756193,767.0,57.0
18,292,12,25.269521410579344,220.22670025188916,794.0,56.0
19,292,10,23.28463476070529,164.6234256926952,794.0,56.0
16,292,11,22.573957016434893,107.53982300884955,791.0,57.0
17,292,1,21.739974126778783,50.05562742561449,773.0,57.0
18,293,12,25.242839352428394,221.80074719800749,803.0,57.0
19,293,10,23.654658385093168,165.12422360248448,805.0,57.0
16,293,11,22.581336696090794,108.0,793.0,58.0
17,293,1,21.757381258023106,50.23491655969191,779.0,57.0
18,294,12,25.23768472906404,223.81650246305418,812.0,57.0
19,294,10,26.82777777777778,165.82916666666668,720.0,58.0
16,294,11,24.295652173913044,110.27701863354038,805.0,58.0
17,294,1,21.55083655083655,50.643500643500644,777.0,59.0
18,295,12,25.234793187347933,226.1119221411192,822.0,58.0
19,295,10,26.68421052631579,167.84480431848854,741.0,58.0
16,295,11,24.541147132169577,111.03615960099751,802.0,58.0
17,295,1,21.5338441890166,50.82503192848021,783.0,59.0
18,296,12,21.30826140567201,227.9173859432799,811.0,57.0
19,296,10,23.30445246690734,170.1251504211793,831.0,59.0
16,296,11,22.25682382133995,110.94168734491315,806.0,59.0
17,296,1,23.68127962085308,52.38744075829384,844.0,60.0
18,297,12,25.62437185929648,228.63316582914572,796.0,55.0
19,297,10,23.31899641577061,171.74074074074073,837.0,59.0
16,297,11,24.526123936816525,113.01215066828675,823.0,60.0
17,297,1,23.96941176470588,52.42941176470588,850.0,60.0
18,298,12,25.654993514915695,229.6822308690013,771.0,53.0
19,298,10,26.678100263852244,172.32058047493405,758.0,59.0
16,298,11,24.552884615384617,113.64783653846153,832.0,61.0
17,298,1,21.734718826405867,51.71760391198044,818.0,60.0
18,299,12,21.357823129251702,230.96462585034013,735.0,51.0
19,299,10,23.328253223915592,174.50410316529894,853.0,60.0
16,299,11,24.27208480565371,114.77031802120142,849.0,61.0
17,299,1,21.728588661037396,52.13148371531966,829.0,61.0
18,300,12,21.400278940027896,231.5857740585774,717.0,50.0
19,300,10,23.31046511627907,175.49186046511628,860.0,60.0
16,300,11,24.24970691676436,115.26611957796014,853.0,61.0
17,300,1,23.97035347776511,53.4618015963512,877.0,62.0
18,301,12,21.478955007256893,232.49492017416546,689.0,48.0
19,301,10,26.660668380462724,176.56298200514138,778.0,61.0
16,301,11,24.523201856148493,116.18909512761022,862.0,62.0
17,301,1,23.682539682539684,53.67006802721088,882.0,62.0
18,302,12,21.629850746268655,233.07910447761193,670.0,47.0
19,302,10,23.321956769055745,178.3833902161547,879.0,62.0
16,302,11,24.512672811059907,117.37327188940093,868.0,63.0
17,302,1,21.541120381406436,52.66030989272944,839.0,63.0
18,303,12,25.73217115689382,233.42472266244056,631.0,45.0
19,303,10,23.31418918918919,179.96283783783784,888.0,63.0
16,303,11,24.25199543899658,118.02052451539339,877.0,63.0
17,303,1,23.964757709251103,54.45374449339207,908.0,64.0
18,304,12,25.692561983471073,234.34545454545454,605.0,43.0
19,304,10,23.317977528089887,181.52022471910112,890.0,62.0
16,304,11,22.51360544217687,117.58163265306122,882.0,63.0
17,304,1,21.719862227324914,53.56486796785304,871.0,64.0
18,305,12,22.04560810810811,235.71959459459458,592.0,41.0
19,305,10,26.650306748466257,181.8564417177914,815.0,64.0
16,305,11,24.479190101237347,120.15973003374579,889.0,64.0
17,305,1,21.709421112372304,53.912599318955735,881.0,65.0
18,306,12,22.07504363001745,236.35078534031413,573.0,40.0
19,306,10,26.68148148148148,183.28765432098766,810.0,63.0
16,306,11,24.520809898762653,120.43982002249719,889.0,65.0
17,306,1,21.738202247191012,54.10674157303371,890.0,65.0
18,307,12,21.95667870036101,236.95306859205778,554.0,39.0
19,307,10,23.325991189427313,184.7433920704846,908.0,64.0
16,307,11,22.511111111111113,119.89888888888889,900.0,64.0
17,307,1,21.71875,54.357142857142854,896.0,66.0
18,308,12,25.78988326848249,237.01556420233464,514.0,37.0
19,308,10,26.67030303030303,185.75757575757575,825.0,64.0
16,308,11,24.48355263157895,122.23574561403508,912.0,66.0
17,308,1,21.73561946902655,54.578539823008846,904.0,66.0
18,309,12,22.297029702970296,238.5049504950495,505.0,36.0
19,309,10,23.322894168466522,187.9611231101512,926.0,65.0
16,309,11,24.50054644808743,123.33551912568306,915.0,66.0
17,309,1,21.719298245614034,54.91337719298246,912.0,67.0
19,310,10,26.66109785202864,188.1742243436754,838.0,65.0
16,310,11,22.498922413793103,122.80495689655173,928.0,66.0
17,310,1,23.934715025906737,56.40414507772021,965.0,68.0
19,311,10,23.357066950053134,190.21679064824656,941.0,66.0
16,311,11,24.442658092175776,124.57556270096462,933.0,67.0
17,311,1,23.952626158599383,56.598352214212156,971.0,68.0
19,312,10,26.66510538641686,191.32201405152225,854.0,67.0
16,312,11,22.517313746065057,124.74081846799581,953.0,68.0
17,312,1,21.726304579339722,55.70926517571885,939.0,69.0
19,313,10,23.335774058577407,193.71652719665272,956.0,67.0
16,313,11,22.497376705141658,125.68520461699894,953.0,68.0
17,313,1,23.912650602409638,57.25,996.0,70.0
19,314,10,23.33677685950413,194.70144628099175,968.0,68.0
16,314,11,22.514994829369183,126.25542916235781,967.0,69.0
17,314,1,23.929212362911265,57.556331006979065,1003.0,70.0
19,315,10,23.322482197355036,196.11393692777213,983.0,69.0
16,315,11,24.49217935349322,128.00625651720543,959.0,69.0
17,315,1,21.734504132231404,56.643595041322314,968.0,71.0
19,316,10,23.330964467005074,198.17969543147208,985.0,69.0
16,316,11,24.46949327817994,129.72595656670114,967.0,69.0
17,316,1,23.917153996101366,58.34892787524367,1026.0,72.0
19,317,10,26.67003367003367,199.09876543209876,891.0,69.0
16,317,11,22.489447236180904,129.41105527638192,995.0,71.0
17,317,1,21.680937818552497,57.56880733944954,981.0,72.0
19,318,10,23.32934131736527,201.49301397205588,1002.0,70.0
16,318,11,22.456543456543457,130.3116883116883,1001.0,72.0
17,318,1,23.910133843212236,59.03154875717017,1046.0,73.0
19,319,10,23.32171314741036,203.55179282868525,1004.0,70.0
16,319,11,24.451038575667656,133.06429277942632,1011.0,72.0
17,319,1,21.711595639246777,58.054509415262636,1009.0,74.0
19,320,10,23.353982300884955,205.7866273352999,1017.0,71.0
16,320,11,24.426470588235293,134.3921568627451,1020.0,73.0
17,320,1,21.72047244094488,58.26870078740158,1016.0,74.0
19,321,10,26.648327939590075,205.84466019417476,927.0,72.0
16,321,11,22.693857965451055,133.80326295585414,1042.0,74.0
17,321,1,23.88765088207985,60.07428040854224,1077.0,75.0
19,322,10,23.333333333333332,208.4937198067633,1035.0,72.0
16,322,11,24.434615384615384,136.03269230769232,1040.0,74.0
17,322,1,21.72324011571842,58.97685631629701,1037.0,76.0
19,323,10,26.650158061116965,209.6786090621707,949.0,74.0
16,323,11,22.67608286252354,136.08662900188324,1062.0,76.0
17,323,1,21.720306513409962,59.19731800766284,1044.0,76.0
19,324,10,26.656184486373167,211.49685534591194,954.0,74.0
16,324,11,24.437853107344633,138.33709981167607,1062.0,76.0
17,324,1,21.685903500473035,60.17691579943236,1057.0,78.0
19,325,10,23.34331150608045,214.34798877455566,1069.0,74.0
16,325,11,24.429775280898877,139.625468164794,1068.0,77.0
17,325,1,21.709617180205417,60.17273576097106,1071.0,78.0
19,326,10,26.632231404958677,215.29132231404958,968.0,75.0
16,326,11,24.425,140.94907407407408,1080.0,77.0
17,326,1,21.712442396313364,61.12165898617511,1085.0,80.0
19,327,10,23.33363970588235,218.29136029411765,1088.0,75.0
16,327,11,24.43801652892562,142.29843893480256,1089.0,78.0
17,327,1,23.864935064935064,62.54025974025974,1155.0,80.0
19,328,10,23.271296296296295,219.26481481481483,1080.0,74.0
16,328,11,24.4102096627165,143.17411121239743,1097.0,78.0
17,328,1,21.69036903690369,61.54095409540954,1111.0,81.0
19,329,10,23.2188679245283,220.0688679245283,1060.0,72.0
16,329,11,24.40361990950226,144.2443438914027,1105.0,79.0
17,329,1,23.8824531516184,63.18739352640545,1174.0,82.0
19,330,10,23.169054441260744,220.63610315186247,1047.0,71.0
16,330,11,22.65605658709107,143.6259946949602,1131.0,80.0
17,330,1,21.70409982174688,62.29144385026738,1122.0,82.0
19,331,10,26.603711790393014,220.20633187772927,916.0,70.0
16,331,11,22.62247585601405,144.96136962247584,1139.0,80.0
17,331,1,21.68920105355575,62.49517120280948,1139.0,83.0
19,332,10,23.041289023162136,222.39476334340384,993.0,68.0
16,332,11,22.618592528236316,146.48913987836664,1151.0,81.0
17,332,1,21.70753064798599,63.002626970227674,1142.0,84.0
19,333,10,22.96701030927835,223.1443298969072,970.0,66.0
16,333,11,24.655293088363955,148.86089238845145,1143.0,83.0
17,333,1,23.87386644682605,64.51195383347073,1213.0,84.0
19,334,10,22.903866248693834,223.632183908046,957.0,65.0
16,334,11,22.60135708227311,148.36301950805768,1179.0,83.0
17,334,1,21.709342560553633,63.056228373702425,1156.0,84.0
19,335,10,26.54642857142857,223.09761904761905,840.0,64.0
16,335,11,24.652397260273972,150.68407534246575,1168.0,84.0
17,335,1,23.860635696821515,64.97799511002445,1227.0,85.0
19,336,10,26.53292682926829,223.8231707317073,820.0,62.0
16,336,11,24.643707482993197,151.76360544217687,1176.0,85.0
17,336,1,21.69158878504673,63.76720475785896,1177.0,86.0
19,337,10,26.516129032258064,224.42183622828784,806.0,61.0
16,337,11,22.618930041152264,150.98189300411522,1215.0,86.0
17,337,1,21.694256756756758,64.01773648648648,1184.0,86.0
19,338,10,26.497461928934012,225.0697969543147,788.0,60.0
16,338,11,24.638262322472848,153.9766081871345,1197.0,87.0
17,338,1,23.861331220285262,66.16798732171156,1262.0,87.0
19,339,10,26.47313237221494,226.086500655308,763.0,58.0
16,339,11,22.60487804878049,154.04634146341462,1230.0,86.0
17,339,1,21.695723684210527,65.5625,1216.0,89.0
19,340,10,22.69926650366748,228.22982885085574,818.0,56.0
16,340,11,22.59516129032258,155.35806451612902,1240.0,87.0
17,340,1,21.693811074918568,65.6555374592834,1228.0,90.0
19,341,10,22.67049808429119,229.38441890166027,783.0,54.0
16,341,11,22.618326693227093,157.0549800796813,1255.0,88.0
17,341,1,21.673354735152486,66.48555377207063,1246.0,91.0
19,342,10,22.672346002621232,230.12712975098296,763.0,52.0
16,342,11,24.619661563255438,159.47864625302176,1241.0,90.0
17,342,1,21.67382657120127,66.61177406523468,1257.0,92.0
19,343,10,22.649051490514903,230.93360433604337,738.0,51.0
16,343,11,24.596153846153847,160.82371794871796,1248.0,90.0
17,343,1,21.67721518987342,66.92958860759494,1264.0,92.0
19,344,10,22.646067415730336,231.69101123595505,712.0,49.0
16,344,11,24.580952380952382,162.2436507936508,1260.0,91.0
17,344,1,23.826183431952664,69.55177514792899,1352.0,94.0
19,345,10,22.681286549707604,232.5482456140351,684.0,47.0
16,345,11,24.609448818897636,163.33385826771652,1270.0,92.0
17,345,1,21.69123351435221,68.3622963537626,1289.0,95.0
19,346,10,22.71212121212121,233.33636363636364,660.0,46.0
16,346,11,22.60060744115414,163.3394077448747,1317.0,93.0
17,346,1,21.71099154496541,68.41275941583397,1301.0,95.0
16,347,11,24.60755589822668,166.2798766383963,1297.0,94.0
17,347,1,21.69418960244648,69.31269113149847,1308.0,97.0
16,348,11,24.58854961832061,167.80992366412212,1310.0,95.0
17,348,1,21.701367781155014,69.07218844984803,1316.0,97.0
16,349,11,24.573684210526316,168.696992481203,1330.0,96.0
17,349,1,23.816750178954905,70.75876879026485,1397.0,98.0
16,350,11,24.582458770614693,169.7848575712144,1334.0,96.0
17,350,1,21.686230248306998,69.84349134687736,1329.0,98.0
16,351,11,24.56845238095238,171.2827380952381,1344.0,97.0
17,351,1,21.699326851159313,70.6948391922214,1337.0,100.0
16,352,11,22.624273255813954,170.6831395348837,1376.0,98.0
17,352,1,21.704309063893017,70.8447251114413,1346.0,100.0
16,353,11,24.549264705882354,174.15661764705882,1360.0,99.0
17,353,1,21.716814159292035,71.48008849557522,1356.0,102.0
16,354,11,24.54824561403509,174.73976608187135,1368.0,100.0
20,354,13,23.126420454545453,98.28125,704.0,50.0
21,354,1,24.308131241084165,47.803138373751786,701.0,50.0
16,355,11,24.552380952380954,175.64468864468864,1365.0,100.0
20,355,13,23.345070422535212,98.69718309859155,710.0,51.0
21,355,1,21.705882352941178,47.09117647058824,680.0,50.0
22,356,14,22.60632183908046,199.39224137931035,696.0,50.0
23,356,11,25.367952522255194,150.09495548961425,674.0,50.0
20,356,13,22.007052186177717,98.78702397743301,709.0,52.0
21,356,1,21.57100149476831,46.88789237668161,669.0,50.0
22,357,14,22.24344023323615,200.37172011661806,686.0,51.0
23,357,11,25.437037037037037,151.2725925925926,675.0,50.0
20,357,13,24.16759776536313,99.97765363128492,716.0,52.0
21,357,1,21.820289855072463,47.208695652173915,690.0,51.0
22,358,14,22.168359941944846,202.3744557329463,689.0,51.0
23,358,11,23.343178621659636,151.48945147679325,711.0,50.0
20,358,13,24.14799446749654,100.72890733056708,723.0,53.0
21,358,1,21.560294117647057,47.45,680.0,52.0
22,359,14,21.914862914862915,204.2092352092352,693.0,51.0
23,359,11,25.418234442836468,153.50072358900144,691.0,51.0
20,359,13,22.606267029972752,100.49182561307902,734.0,53.0
21,359,1,23.731607629427792,48.64441416893733,734.0,52.0
22,360,14,22.163636363636364,206.21258741258742,715.0,52.0
23,360,11,23.502747252747252,154.60027472527472,728.0,52.0
20,360,13,24.13765182186235,102.11605937921728,741.0,54.0
21,360,1,23.737903225806452,48.979838709677416,744.0,53.0
22,361,14,22.096286107290233,207.94497936726273,727.0,53.0
23,361,11,25.666666666666668,156.52011494252875,696.0,52.0
20,361,13,24.148395721925134,102.86363636363636,748.0,54.0
21,361,1,21.532670454545453,48.27272727272727,704.0,53.0
22,362,14,22.100274725274726,209.04807692307693,728.0,53.0
23,362,11,25.689801699716714,157.171388101983,706.0,52.0
20,362,13,24.103174603174605,103.58730158730158,756.0,55.0
21,362,1,21.53954802259887,48.394067796610166,708.0,54.0
22,363,14,21.713305898491083,210.57887517146776,729.0,54.0
23,363,11,26.197991391678624,158.86657101865137,697.0,53.0
20,363,13,22.771021992238033,103.44372574385511,773.0,55.0
21,363,1,21.527196652719667,48.735006973500695,717.0,54.0
22,364,14,21.726657645466847,212.6359945872801,739.0,54.0
23,364,11,26.17304964539007,160.1673758865248,705.0,54.0
20,364,13,22.587628865979383,104.94587628865979,776.0,56.0
21,364,1,23.705045278137128,50.01423027166882,773.0,55.0
22,365,14,22.1282722513089,214.86387434554973,764.0,55.0
23,365,11,24.152722443559096,160.9402390438247,753.0,53.0
20,365,13,24.374035989717225,106.25192802056556,778.0,56.0
21,365,1,21.556616643929058,49.18826739427012,733.0,55.0
22,366,14,22.18075422626788,216.7698309492848,769.0,55.0
23,366,11,26.18384401114206,163.04178272980502,718.0,54.0
20,366,13,22.80126582278481,106.37594936708861,790.0,57.0
21,366,1,23.682219419924337,50.546027742749054,793.0,56.0
22,367,14,21.742105263157896,218.04342105263157,760.0,56.0
23,367,11,24.165374677002585,163.56330749354007,774.0,54.0
20,367,13,24.35234474017744,107.7743979721166,789.0,57.0
21,367,1,21.7742782152231,49.656167979002625,762.0,56.0
22,368,14,21.758441558441557,219.75714285714287,770.0,56.0
23,368,11,26.163710777626193,165.2032742155525,733.0,56.0
20,368,13,24.138576779026216,108.51685393258427,801.0,58.0
21,368,1,21.747081712062258,50.12970168612192,771.0,57.0
22,369,14,22.2367758186398,221.6146095717884,794.0,57.0
23,369,11,24.429471032745592,165.5176322418136,794.0,56.0
20,369,13,24.33623910336239,109.41469489414695,803.0,58.0
21,369,1,21.75706940874036,50.37789203084833,778.0,58.0
22,370,14,21.79467680608365,222.94803548795943,789.0,58.0
23,370,11,26.320323014804845,167.24360699865412,743.0,56.0
20,370,13,24.134734239802224,109.81087762669964,809.0,58.0
21,370,1,21.757381258023106,50.23491655969191,779.0,57.0
22,371,14,21.81226533166458,224.92740926157697,799.0,58.0
23,371,11,26.31382978723404,168.5744680851064,752.0,57.0
20,371,13,22.56319018404908,109.79386503067485,815.0,59.0
21,371,1,23.684717208182914,51.94584837545126,831.0,59.0
22,372,14,21.875784190715184,226.52572145545795,797.0,57.0
23,372,11,26.156939040207522,169.95979247730222,771.0,58.0
20,372,13,24.105839416058394,111.12287104622871,822.0,59.0
21,372,1,21.525575447570333,50.86061381074169,782.0,59.0
22,373,14,22.41125,228.04625,800.0,56.0
23,373,11,26.181582360570687,171.25162127107652,771.0,58.0
20,373,13,24.09685230024213,112.25181598062954,826.0,59.0
21,373,1,21.75093399750934,51.292652552926526,803.0,59.0
22,374,14,22.523076923076925,229.03076923076924,780.0,54.0
23,374,11,26.189500640204866,172.99231754161332,781.0,59.0
20,374,13,22.723277909738716,112.19239904988123,842.0,60.0
21,374,1,21.550435865504358,51.49813200498132,803.0,60.0
22,375,14,22.60898282694848,230.0330250990753,757.0,53.0
23,375,11,26.176620076238883,174.23125794155018,787.0,60.0
20,375,13,22.559101654846337,112.76595744680851,846.0,62.0
21,375,1,21.734718826405867,51.71760391198044,818.0,60.0
22,376,14,22.32825484764543,230.85318559556788,722.0,50.0
23,376,11,26.19796954314721,176.252538071066,788.0,60.0
20,376,13,24.111888111888113,115.36713286713287,858.0,62.0
21,376,1,21.560439560439562,51.94261294261294,819.0,61.0
22,377,14,22.160404624277458,231.78468208092485,692.0,48.0
23,377,11,26.18523153942428,177.64080100125156,799.0,60.0
20,377,13,24.311265969802555,116.1219512195122,861.0,62.0
21,377,1,21.709371293001187,52.6073546856465,843.0,62.0
22,378,14,22.192592592592593,232.52592592592592,675.0,47.0
23,378,11,24.162412993039442,178.09396751740138,862.0,61.0
20,378,13,24.108447488584474,116.76027397260275,876.0,63.0
21,378,1,23.953672316384182,53.59887005649718,885.0,62.0
22,379,14,22.790273556231003,233.54103343465044,658.0,45.0
23,379,11,24.15972222222222,179.6087962962963,864.0,60.0
20,379,13,24.326136363636362,117.66363636363636,880.0,64.0
21,379,1,23.934298440979955,54.010022271714924,898.0,63.0
22,380,14,22.959311424100157,234.20500782472612,639.0,44.0
23,380,11,24.15693012600229,180.91981672394044,873.0,61.0
20,380,13,24.310734463276837,118.49717514124293,885.0,65.0
21,380,1,21.723897911832946,53.15197215777262,862.0,63.0
22,381,14,23.40625,235.17269736842104,608.0,42.0
23,381,11,24.170068027210885,182.32199546485262,882.0,62.0
20,381,13,22.72062084257206,118.73946784922394,902.0,65.0
21,381,1,21.72852233676976,53.664375715922105,873.0,64.0
22,382,14,23.538983050847456,235.7915254237288,590.0,41.0
23,382,11,26.186522262334538,184.24909747292418,831.0,62.0
20,382,13,24.287625418060202,120.41248606465997,897.0,65.0
21,382,1,21.7341628959276,54.01470588235294,884.0,65.0
22,383,14,23.18491921005386,236.8815080789946,557.0,39.0
23,383,11,26.179334916864608,185.8705463182898,842.0,63.0
20,383,13,22.68954248366013,120.53050108932462,918.0,65.0
21,383,1,21.72686733556299,54.35340022296544,897.0,66.0
22,384,14,23.09124767225326,237.57355679702047,537.0,37.0
23,384,11,24.16721672167217,186.47744774477448,909.0,64.0
20,384,13,22.683189655172413,121.15948275862068,928.0,66.0
21,384,1,21.735555555555557,54.437777777777775,900.0,66.0
22,385,14,23.154296875,238.40234375,512.0,36.0
23,385,11,26.17325581395349,188.5406976744186,860.0,64.0
20,385,13,24.291891891891893,122.8,925.0,67.0
21,385,1,23.94591728525981,55.53234358430541,943.0,66.0
23,386,11,26.1647465437788,190.58410138248848,868.0,65.0
20,386,13,24.31163287086446,123.66915688367129,937.0,67.0
21,386,1,23.916405433646812,55.99582027168234,957.0,67.0
23,387,11,26.158134243458477,192.20591581342435,879.0,66.0
20,387,13,24.275132275132275,124.83492063492064,945.0,68.0
21,387,1,23.93071354705274,56.27300930713547,967.0,68.0
23,388,11,26.173814898419863,193.8882618510158,886.0,67.0
20,388,13,24.296956977964324,126.13641133263378,953.0,68.0
21,388,1,21.726304579339722,55.70926517571885,939.0,69.0
23,389,11,26.18609865470852,195.09417040358744,892.0,67.0
20,389,13,24.254697286012526,126.47703549060543,958.0,69.0
21,389,1,21.71792152704136,55.787910922587486,943.0,69.0
23,390,11,26.16740576496674,196.8470066518847,902.0,67.0
20,390,13,22.676891615541923,126.89366053169734,978.0,70.0
21,390,1,21.718619246861923,56.16422594142259,956.0,70.0
23,391,11,26.165570175438596,198.2434210526316,912.0,68.0
20,391,13,22.687563195146613,127.51365015166836,989.0,71.0
21,391,1,23.91434262948207,57.50099601593625,1004.0,70.0
23,392,11,24.158215010141987,198.84077079107504,986.0,69.0
20,392,13,24.251012145748987,129.2742914979757,988.0,71.0
21,392,1,21.734504132231404,56.643595041322314,968.0,71.0
23,393,11,26.15766738660907,200.97624190064795,926.0,69.0
20,393,13,24.264321608040202,130.53768844221105,995.0,71.0
21,393,1,21.729979466119097,56.837782340862425,974.0,71.0
23,394,11,26.162420382165607,202.9543524416136,942.0,71.0
20,394,13,22.658488714425907,130.15701668302256,1019.0,72.0
21,394,1,21.714576962283385,57.0927624872579,981.0,72.0
23,395,11,26.15778474399164,204.49738766980147,957.0,72.0
20,395,13,22.67378640776699,131.14368932038835,1030.0,74.0
21,395,1,21.711402623612514,58.01715438950555,991.0,73.0
23,396,11,26.167185877466252,205.6957424714434,963.0,72.0
20,396,13,24.247813411078717,132.7201166180758,1029.0,74.0
21,396,1,23.924546322827126,59.05635148042025,1047.0,73.0
23,397,11,24.18216682646213,206.08916586768936,1043.0,73.0
20,397,13,22.895793499043975,132.79254302103251,1046.0,75.0
21,397,1,23.91840607210626,59.30170777988615,1054.0,74.0
23,398,11,24.166984732824428,208.0801526717557,1048.0,73.0
20,398,13,24.244976076555023,134.40382775119616,1045.0,75.0
21,398,1,23.90386427898209,59.56833176248822,1061.0,74.0
23,399,11,26.160406091370557,210.86395939086293,985.0,73.0
20,399,13,24.233238904627008,135.77903682719545,1059.0,76.0
21,399,1,21.700293829578843,58.920666013712044,1021.0,75.0
23,400,11,26.165995975855132,212.52515090543258,994.0,74.0
20,400,13,22.88507877664504,135.96570898980536,1079.0,77.0
21,400,1,23.892857142857142,60.54578754578755,1092.0,76.0
23,401,11,26.15247524752475,214.0970297029703,1010.0,75.0
20,401,13,24.229553903345725,137.44330855018586,1076.0,77.0
21,401,1,21.71194605009634,59.44219653179191,1038.0,76.0
23,402,11,26.152259332023576,215.6984282907662,1018.0,76.0
20,402,13,24.234533702677748,138.53185595567868,1083.0,77.0
21,402,1,23.892599277978338,61.085740072202164,1108.0,77.0
23,403,11,24.187669990933816,216.00090661831368,1103.0,77.0
20,403,13,24.212511499540017,139.41214351425944,1087.0,77.0
21,403,1,21.713345864661655,59.94454887218045,1064.0,78.0
23,404,11,26.14990328820116,218.29303675048357,1034.0,77.0
20,404,13,24.232452142206018,140.08568824065634,1097.0,78.0
21,404,1,21.696428571428573,60.40601503759399,1064.0,78.0
23,405,11,26.185185185185187,219.3918128654971,1026.0,75.0
20,405,13,24.223327305605785,141.08589511754067,1106.0,79.0
21,405,1,21.703153988868273,60.83580705009276,1078.0,79.0
23,406,11,24.17922794117647,219.11121323529412,1088.0,74.0
20,406,13,24.233661593554164,141.5765443151298,1117.0,80.0
21,406,1,21.69216589861751,60.576036866359445,1085.0,79.0
23,407,11,24.203966005665723,220.18885741265345,1059.0,72.0
20,407,13,24.219770520741395,143.15975286849073,1133.0,81.0
21,407,1,21.711802378774017,61.39890210430009,1093.0,80.0
23,408,11,24.22714148219442,220.87199230028875,1039.0,71.0
20,408,13,24.23231441048035,144.69170305676855,1145.0,82.0
21,408,1,21.69036903690369,61.54095409540954,1111.0,81.0
23,409,11,26.43863393810032,222.67982924226254,937.0,69.0
20,409,13,22.878682842287695,144.87001733102252,1154.0,82.0
21,409,1,23.870886075949368,63.517299578059074,1185.0,82.0
23,410,11,26.49289617486339,223.2622950819672,915.0,68.0
20,410,13,24.411867364746946,147.2329842931937,1146.0,82.0
21,410,1,21.706972639011475,62.70255957634598,1133.0,83.0
23,411,11,26.536475869809202,224.0841750841751,891.0,66.0
20,411,13,22.844122657580918,147.4923339011925,1174.0,83.0
21,411,1,21.70753064798599,63.002626970227674,1142.0,84.0
23,412,11,26.62064965197216,224.82366589327145,862.0,64.0
20,412,13,24.401023890784984,150.0665529010239,1172.0,84.0
21,412,1,21.70618556701031,63.700171821305844,1164.0,85.0
23,413,11,26.697115384615383,225.75360576923077,832.0,62.0
20,413,13,24.377946127946128,151.2003367003367,1188.0,86.0
21,413,1,21.696840307429547,63.96584116140051,1171.0,86.0
23,414,11,24.508988764044943,225.8876404494382,890.0,61.0
20,414,13,22.834567901234568,151.29300411522632,1215.0,86.0
21,414,1,21.697201017811704,64.18405428329092,1179.0,86.0
23,415,11,24.546929316338353,226.7462340672074,863.0,59.0
20,415,13,22.830219333874897,152.4752233956133,1231.0,87.0
21,415,1,23.83878691141261,66.14604948124502,1253.0,87.0
23,416,11,26.794736842105262,227.81842105263158,760.0,58.0
20,416,13,22.821774193548386,153.78387096774193,1240.0,88.0
21,416,1,21.6843853820598,64.72840531561462,1204.0,88.0
23,417,11,26.81190798376184,228.43572395128552,739.0,56.0
20,417,13,24.391233766233768,155.42857142857142,1232.0,88.0
21,417,1,23.866092404072045,66.63429913860611,1277.0,88.0
23,418,11,26.84764542936288,228.85041551246536,722.0,55.0
20,418,13,24.373990306946688,156.62035541195476,1238.0,89.0
21,418,1,21.67757774140753,65.3911620294599,1222.0,89.0
23,419,11,26.894356005788712,229.71345875542693,691.0,53.0
20,419,13,24.390224358974358,157.76923076923077,1248.0,89.0
21,419,1,21.688816855753647,66.08265802269044,1234.0,90.0
23,420,11,26.911010558069382,230.66666666666666,663.0,51.0
20,420,13,24.38479809976247,159.2620744259699,1263.0,90.0
21,420,1,21.673354735152486,66.48555377207063,1246.0,91.0
23,421,11,24.972260748959776,231.2135922330097,721.0,50.0
20,421,13,22.813271604938272,159.16203703703704,1296.0,92.0
21,421,1,21.68265387689848,66.76179056754596,1251.0,92.0
23,422,11,26.961227786752826,232.03069466882067,619.0,48.0
20,422,13,24.391912908242613,161.3701399688958,1286.0,92.0
21,422,1,21.698890649762284,67.0459587955626,1262.0,92.0
20,423,13,24.391104294478527,163.19861963190183,1304.0,94.0
21,423,1,21.69984326018809,67.48667711598746,1276.0,93.0
20,424,13,22.815709969788518,163.32552870090635,1324.0,94.0
21,424,1,21.68866459627329,67.87422360248448,1288.0,94.0
20,425,13,22.82996254681648,164.84794007490638,1335.0,95.0
21,425,1,21.71505376344086,68.42396313364056,1302.0,95.0
20,426,13,24.357735849056603,166.81962264150943,1325.0,95.0
21,426,1,23.84313725490196,70.56209150326798,1377.0,96.0
20,427,13,24.36032689450223,167.83580980683507,1346.0,97.0
21,427,1,21.701367781155014,69.07218844984803,1316.0,97.0
20,428,13,24.350890207715132,169.08976261127597,1348.0,98.0
21,428,1,21.706103993971364,69.56141672946495,1327.0,98.0
20,429,13,24.350668647845467,170.7563150074294,1346.0,97.0
21,429,1,21.697378277153557,70.46591760299626,1335.0,99.0
20,430,13,24.346833578792342,171.27466863033874,1358.0,98.0
21,430,1,21.696562032884902,70.20627802690584,1338.0,99.0
20,431,13,24.33529411764706,172.54485294117646,1360.0,99.0
21,431,1,21.69561989606533,70.76614699331849,1347.0,100.0
20,432,13,24.32992700729927,173.39124087591242,1370.0,100.0
21,432,1,21.699331848552337,71.4090571640683,1347.0,101.0
20,433,13,24.335032774945375,174.57246904588493,1373.0,101.0
21,433,1,21.703021370670598,71.23212969786293,1357.0,101.0
24,434,16,20.96439169139466,199.38278931750742,674.0,50.0
25,434,13,23.492857142857144,148.79857142857142,700.0,50.0
26,434,15,21.030349013657055,97.93019726858877,659.0,50.0
27,434,1,21.798540145985402,47.47591240875912,685.0,51.0
24,435,16,23.714484679665738,200.17548746518105,718.0,51.0
25,435,13,23.816269284712483,149.2538569424965,713.0,51.0
26,435,15,20.686064318529862,97.7978560490046,653.0,51.0
27,435,1,21.81897810218978,47.0029197080292,685.0,50.0
24,436,16,23.689466484268127,202.40355677154582,731.0,52.0
25,436,13,25.25214899713467,151.2077363896848,698.0,52.0
26,436,15,23.216551724137933,99.62620689655172,725.0,52.0
27,436,1,21.83381088825215,47.53581661891118,698.0,51.0
24,437,16,20.545051698670605,204.12703101920238,677.0,52.0
25,437,13,23.883656509695292,152.01246537396122,722.0,51.0
26,437,15,23.229195088676672,100.50477489768076,733.0,52.0
27,437,1,21.88936170212766,47.98297872340426,705.0,52.0
24,438,16,20.59618208516887,205.5712187958884,681.0,52.0
25,438,13,25.762857142857143,153.8657142857143,700.0,52.0
26,438,15,20.61242603550296,99.78550295857988,676.0,53.0
27,438,1,21.901685393258425,48.06601123595506,712.0,52.0
24,439,16,20.778417266187052,207.06474820143885,695.0,53.0
25,439,13,25.955777460770328,155.18259629101283,701.0,52.0
26,439,15,20.553440702781845,100.45095168374817,683.0,54.0
27,439,1,24.42448979591837,48.714285714285715,735.0,52.0
24,440,16,23.377659574468087,208.56781914893617,752.0,54.0
25,440,13,25.960283687943264,156.32056737588653,705.0,53.0
26,440,15,20.545058139534884,101.28343023255815,688.0,54.0
27,440,1,24.57831325301205,48.99196787148595,747.0,53.0
24,441,16,23.45152722443559,210.0531208499336,753.0,53.0
25,441,13,25.93611111111111,157.20416666666668,720.0,54.0
26,441,15,20.565846599131692,101.70911722141824,691.0,54.0
27,441,1,22.938748335552596,49.22237017310253,751.0,53.0
24,442,16,23.49154746423927,212.04551365409623,769.0,55.0
25,442,13,25.950344827586207,158.35172413793103,725.0,54.0
26,442,15,22.834419817470664,103.59191655801826,767.0,54.0
27,442,1,25.644385026737968,49.69117647058823,748.0,54.0
24,443,16,23.59379042690815,213.34928848641655,773.0,55.0
25,443,13,25.96301369863014,159.513698630137,730.0,55.0
26,443,15,22.85089974293059,104.2172236503856,778.0,55.0
27,443,1,25.671562082777037,49.75834445927904,749.0,54.0
24,444,16,20.70426409903714,214.9656121045392,727.0,55.0
25,444,13,24.405927835051546,160.02835051546393,776.0,55.0
26,444,15,20.543140028288544,103.91937765205093,707.0,55.0
27,444,1,22.912144702842376,49.90180878552972,774.0,55.0
24,445,16,20.724932249322492,216.59620596205963,738.0,56.0
25,445,13,24.406410256410258,161.11153846153846,780.0,55.0
26,445,15,20.560839160839162,104.78601398601398,715.0,56.0
27,445,1,25.674054758800523,50.38331160365059,767.0,56.0
24,446,16,23.20506329113924,217.96582278481011,790.0,57.0
25,446,13,24.660759493670888,161.8873417721519,790.0,56.0
26,446,15,22.831645569620253,106.4873417721519,790.0,56.0
27,446,1,25.93175853018373,50.666666666666664,762.0,56.0
24,447,16,23.284461152882205,219.5764411027569,798.0,56.0
25,447,13,24.43984962406015,163.47243107769424,798.0,56.0
26,447,15,20.83244680851064,106.09308510638297,752.0,57.0
27,447,1,25.621173469387756,50.56377551020408,784.0,57.0
24,448,16,23.747815230961297,221.74157303370785,801.0,57.0
25,448,13,25.91743119266055,165.7562254259502,763.0,57.0
26,448,15,20.84840425531915,107.14095744680851,752.0,57.0
27,448,1,23.147965474722564,50.934648581997536,811.0,57.0
24,449,16,23.78824969400245,223.31334149326804,817.0,58.0
25,449,13,25.935233160621763,166.77072538860102,772.0,57.0
26,449,15,20.83399209486166,107.89591567852437,759.0,58.0
27,449,1,25.65954773869347,51.34924623115578,796.0,58.0
24,450,16,23.853836784409257,225.56029232643118,821.0,58.0
25,450,13,24.440145102781138,168.006045949214,827.0,59.0
26,450,15,20.568181818181817,108.58823529411765,748.0,58.0
27,450,1,22.901818181818182,51.738181818181815,825.0,58.0
24,451,16,23.92560975609756,227.11341463414635,820.0,57.0
25,451,13,25.92676767676768,169.80555555555554,792.0,59.0
26,451,15,20.84724005134788,109.3209242618742,779.0,59.0
27,451,1,25.572827417380662,51.598531211750306,817.0,59.0
24,452,16,23.777915632754343,228.25434243176178,806.0,56.0
25,452,13,25.958646616541355,171.1002506265664,798.0,60.0
26,452,15,22.829558998808103,111.10011918951132,839.0,59.0
27,452,1,22.86104513064133,51.99049881235155,842.0,59.0
24,453,16,20.90558510638298,229.28324468085106,752.0,54.0
25,453,13,24.414982164090368,171.9964328180737,841.0,59.0
26,453,15,23.276470588235295,111.96823529411765,850.0,60.0
27,453,1,22.86068476977568,52.27272727272727,847.0,60.0
24,454,16,20.90082644628099,230.29614325068871,726.0,52.0
25,454,13,25.957002457002456,173.68427518427518,814.0,61.0
26,454,15,20.564102564102566,111.78589743589744,780.0,61.0
27,454,1,22.876023391812865,52.78947368421053,855.0,61.0
24,455,16,24.29483695652174,230.8858695652174,736.0,51.0
25,455,13,24.43822843822844,174.56177156177156,858.0,60.0
26,455,15,20.85960591133005,112.8768472906404,812.0,61.0
27,455,1,22.847398843930637,53.17109826589596,865.0,61.0
24,456,16,24.394625176803395,231.91513437057992,707.0,49.0
25,456,13,25.95036319612591,177.02058111380146,826.0,62.0
26,456,15,20.57377049180328,113.83984867591425,793.0,61.0
27,456,1,25.596774193548388,53.53341013824885,868.0,62.0
24,457,16,20.796296296296298,232.7854938271605,648.0,47.0
25,457,13,24.443693693693692,178.0810810810811,888.0,63.0
26,457,15,20.55527950310559,114.75900621118012,805.0,63.0
27,457,1,22.865079365079364,53.766439909297056,882.0,62.0
24,458,16,20.843450479233226,233.66134185303514,626.0,45.0
25,458,13,25.929078014184398,179.84515366430261,846.0,63.0
26,458,15,20.57441574415744,115.77736777367774,813.0,63.0
27,458,1,22.85395763656633,54.14046822742475,897.0,63.0
24,459,16,20.868113522537563,234.59432387312188,599.0,43.0
25,459,13,25.940070505287895,182.00352526439482,851.0,63.0
26,459,15,20.858669833729216,116.96437054631829,842.0,63.0
27,459,1,25.562360801781736,54.41314031180401,898.0,64.0
24,460,16,20.904679376083187,235.40554592720972,577.0,41.0
25,460,13,25.963657678780773,183.10433763188746,853.0,64.0
26,460,15,20.84965034965035,118.12937062937063,858.0,65.0
27,460,1,22.853070175438596,54.771929824561404,912.0,64.0
24,461,16,24.33102253032929,236.18717504332756,577.0,40.0
25,461,13,24.43201754385965,183.6063596491228,912.0,64.0
26,461,15,20.84561403508772,118.44795321637427,855.0,64.0
27,461,1,25.592997811816193,55.00765864332604,914.0,65.0
24,462,16,20.920664206642066,236.72140221402213,542.0,39.0
25,462,13,24.437636761487965,185.04814004376368,914.0,65.0
26,462,15,20.8729792147806,119.0635103926097,866.0,65.0
27,462,1,22.849300322927878,54.917115177610334,929.0,65.0
24,463,16,24.584269662921347,237.70411985018725,534.0,37.0
25,463,13,24.44972972972973,186.3545945945946,925.0,65.0
26,463,15,23.272435897435898,121.0801282051282,936.0,65.0
27,463,1,25.563243243243242,55.34486486486487,925.0,66.0
24,464,16,24.336633663366335,238.66930693069307,505.0,35.0
25,464,13,25.938063063063062,188.393018018018,888.0,66.0
26,464,15,20.870056497175142,120.38983050847457,885.0,66.0
27,464,1,25.570203644158628,55.58413719185423,933.0,66.0
25,465,13,25.935340022296543,189.7313266443701,897.0,67.0
26,465,15,23.282131661442005,122.74399164054337,957.0,67.0
27,465,1,22.835774058577407,55.99476987447699,956.0,67.0
25,466,13,25.942668136714442,191.0286659316428,907.0,67.0
26,466,15,20.84234234234234,122.21396396396396,888.0,67.0
27,466,1,22.826583592938732,56.25441329179647,963.0,67.0
25,467,13,25.931793179317932,192.9218921892189,909.0,67.0
26,467,15,20.869900771775082,123.41896361631753,907.0,68.0
27,467,1,22.81584362139918,56.63168724279836,972.0,68.0
25,468,13,25.931297709923665,194.40567066521265,917.0,68.0
26,468,15,20.855726872246695,124.30506607929516,908.0,68.0
27,468,1,25.54871794871795,57.05948717948718,975.0,69.0
25,469,13,25.935897435897434,196.05662393162393,936.0,69.0
26,469,15,20.852494577006507,125.75379609544468,922.0,69.0
27,469,1,22.81881881881882,57.32032032032032,999.0,70.0
25,470,13,25.90665236051502,197.793991416309,932.0,69.0
26,470,15,20.86853448275862,126.60344827586206,928.0,70.0
27,470,1,22.808764940239044,57.591633466135455,1004.0,70.0
25,471,13,25.923728813559322,199.19703389830508,944.0,70.0
26,471,15,23.280039721946377,128.41012909632573,1007.0,70.0
27,471,1,25.551243781094527,58.02388059701492,1005.0,71.0
25,472,13,25.920668058455114,199.90501043841337,958.0,71.0
26,472,15,23.275964391691396,128.86251236399605,1011.0,71.0
27,472,1,22.809055118110237,57.8257874015748,1016.0,71.0
25,473,13,24.44137931034483,201.135960591133,1015.0,71.0
26,473,15,23.285296981499513,130.0827653359299,1027.0,71.0
27,473,1,22.802912621359223,58.302912621359226,1030.0,72.0
25,474,13,24.443359375,202.4775390625,1024.0,72.0
26,474,15,20.870833333333334,129.40104166666666,960.0,72.0
27,474,1,22.783027965284475,58.53230472516876,1037.0,72.0
25,475,13,25.93756397134084,204.5813715455476,977.0,72.0
26,475,15,23.2865329512894,131.7440305635148,1047.0,73.0
27,475,1,22.800575263662513,58.86193672099712,1043.0,73.0
25,476,13,25.911854103343465,206.96453900709218,987.0,73.0
26,476,15,20.879714576962282,131.79918450560652,981.0,73.0
27,476,1,22.7882797731569,59.370510396975426,1058.0,74.0
25,477,13,24.438862559241706,207.8094786729858,1055.0,74.0
26,477,15,20.84491440080564,133.14400805639477,993.0,74.0
27,477,1,22.774555659494855,59.73152478952292,1069.0,75.0
25,478,13,25.909180651530107,210.83415597235933,1013.0,75.0
26,478,15,20.87437185929648,134.2854271356784,995.0,74.0
27,478,1,22.795036764705884,60.329963235294116,1088.0,76.0
25,479,13,25.908374384236453,211.9113300492611,1015.0,75.0
26,479,15,20.877611940298507,134.89353233830846,1005.0,75.0
27,479,1,25.521698984302862,60.54755309325947,1083.0,76.0
25,480,13,24.442592592592593,213.63333333333333,1080.0,76.0
26,480,15,20.88050930460333,136.22428991185112,1021.0,76.0
27,480,1,25.55799086757991,61.175342465753424,1095.0,77.0
25,481,13,25.92300288739172,215.8912415784408,1039.0,77.0
26,481,15,23.296363636363637,138.5390909090909,1100.0,76.0
27,481,1,22.78942652329749,61.308243727598565,1116.0,78.0
25,482,13,25.918582375478927,217.860153256705,1044.0,77.0
26,482,15,20.878260869565217,138.68405797101448,1035.0,77.0
27,482,1,22.7789566755084,61.80813439434129,1131.0,79.0
25,483,13,25.930835734870318,218.89048991354466,1041.0,76.0
26,483,15,20.870192307692307,139.5701923076923,1040.0,78.0
27,483,1,22.76646180860404,62.067603160667254,1139.0,79.0
25,484,13,24.454128440366972,219.03853211009175,1090.0,75.0
26,484,15,23.30238726790451,141.83554376657824,1131.0,79.0
27,484,1,25.506140350877192,62.444736842105264,1140.0,80.0
25,485,13,24.45429104477612,219.7742537313433,1072.0,73.0
26,485,15,20.88888888888889,141.6713747645951,1062.0,79.0
27,485,1,25.517841601392515,62.766753698868584,1149.0,80.0
25,486,13,24.4745437079731,220.77809798270894,1041.0,71.0
26,486,15,20.860724233983287,143.04549675023213,1077.0,80.0
27,486,1,22.784982935153582,63.16894197952218,1172.0,82.0
25,487,13,26.206153846153846,221.71692307692308,975.0,71.0
26,487,15,20.88489871086556,143.7219152854512,1086.0,81.0
27,487,1,22.7735368956743,63.40373197625106,1179.0,82.0
25,488,13,26.28435517970402,222.6585623678647,946.0,69.0
26,488,15,20.872477064220185,144.6064220183486,1090.0,81.0
27,488,1,25.52876480541455,63.93824027072758,1182.0,83.0
25,489,13,26.353067814854683,223.14424111948333,929.0,68.0
26,489,15,20.86400725294651,146.05167724388033,1103.0,82.0
27,489,1,22.777870216306155,64.16888519134775,1202.0,84.0
25,490,13,24.5564681724846,223.07084188911705,974.0,67.0
26,490,15,23.284995808885164,147.86756077116513,1193.0,83.0
27,490,1,22.766749379652605,64.4036393713813,1209.0,84.0
25,491,13,26.4255079006772,224.44243792325057,886.0,65.0
26,491,15,23.297996661101838,148.6085141903172,1198.0,84.0
27,491,1,22.779967159277504,64.70361247947454,1218.0,85.0
25,492,13,24.641630901287552,224.43669527896995,932.0,64.0
26,492,15,20.899733806566104,148.2519964507542,1127.0,84.0
27,492,1,22.780944625407166,65.03338762214983,1228.0,85.0
25,493,13,26.535244922341697,225.91875746714456,837.0,62.0
26,493,15,23.285714285714285,151.0,1225.0,85.0
27,493,1,22.771520514883345,65.53338696701529,1243.0,86.0
25,494,13,24.78181818181818,226.0909090909091,880.0,61.0
26,494,15,20.897923875432525,151.19809688581316,1156.0,86.0
27,494,1,22.774244833068362,66.03338632750398,1258.0,87.0
25,495,13,26.667934093789608,227.32699619771864,789.0,59.0
26,495,15,23.29576338928857,153.85691446842526,1251.0,87.0
27,495,1,22.764195583596216,66.36908517350157,1268.0,88.0
25,496,13,24.9126213592233,227.95145631067962,824.0,57.0
26,496,15,23.290245836637588,155.16256938937352,1261.0,87.0
27,496,1,25.517241379310345,67.12539184952978,1276.0,89.0
25,497,13,26.718707940780618,228.650067294751,743.0,56.0
26,497,15,20.883503401360546,154.47363945578232,1176.0,88.0
27,497,1,22.78173374613003,67.1687306501548,1292.0,90.0
25,498,13,26.74022346368715,229.49441340782124,716.0,54.0
26,498,15,20.879194630872483,155.8506711409396,1192.0,89.0
27,498,1,25.507739938080494,67.63467492260062,1292.0,90.0
25,499,13,26.776183644189384,229.98565279770446,697.0,53.0
26,499,15,20.884933774834437,157.1274834437086,1208.0,90.0
27,499,1,22.784954407294833,68.03267477203647,1316.0,91.0
25,500,13,26.800898203592816,230.85479041916167,668.0,51.0
26,500,15,23.26840490797546,159.6664110429448,1304.0,90.0
27,500,1,25.49319213313162,68.69364599092285,1322.0,92.0
25,501,13,25.328125,231.89488636363637,704.0,49.0
26,501,15,20.888071895424837,159.73202614379085,1224.0,91.0
27,501,1,25.810397553516818,69.5237003058104,1308.0,93.0
25,502,13,26.851307189542485,232.7107843137255,612.0,47.0
26,502,15,23.260935143288084,162.2051282051282,1326.0,92.0
27,502,1,23.085122131754257,69.49814951887491,1351.0,94.0
26,503,15,20.866506794564348,162.45723421262988,1251.0,93.0
27,503,1,23.05934065934066,69.97509157509157,1365.0,95.0
26,504,15,20.884767166535124,164.13891081294398,1267.0,94.0
27,504,1,22.798111837327525,70.30137981118374,1377.0,96.0
26,505,15,20.88175411119812,165.66562255285825,1277.0,95.0
27,505,1,23.062049062049063,70.63203463203463,1386.0,97.0
26,506,15,23.283744557329463,167.84687953555877,1378.0,96.0
27,506,1,23.066044508255562,70.91744436468055,1393.0,97.0
26,507,15,20.860447185813417,167.7378565921357,1297.0,97.0
27,507,1,25.798976608187136,71.97733918128655,1368.0,98.0
26,508,15,20.858454475899006,169.23947972456006,1307.0,98.0
27,508,1,23.090715804394048,71.92274982282069,1411.0,99.0
26,509,15,23.275641025641026,171.36752136752136,1404.0,98.0
27,509,1,23.08050847457627,72.55790960451978,1416.0,100.0
26,510,15,20.862537764350453,171.357250755287,1324.0,99.0
27,510,1,25.79076479076479,73.93290043290044,1386.0,101.0
26,511,15,20.85574018126888,172.4199395770393,1324.0,99.0
27,511,1,23.101327742837178,72.68413696715584,1431.0,102.0
26,512,15,20.874436090225565,172.03233082706768,1330.0,100.0
28,512,17,22.452482269503545,98.34893617021277,705.0,50.0
29,512,1,22.387464387464387,47.81196581196581,702.0,50.0
26,513,15,20.85618479880775,173.21684053651268,1342.0,102.0
28,513,17,26.638461538461538,98.85538461538462,650.0,51.0
29,513,1,22.31258840169731,47.676096181046674,707.0,50.0
30,514,18,22.743697478991596,200.77170868347338,714.0,51.0
31,514,15,20.773353751914243,149.00153139356814,653.0,50.0
28,514,17,22.92105263157895,99.12465373961219,722.0,51.0
29,514,1,24.88235294117647,48.029411764705884,714.0,51.0
30,515,18,22.80716253443526,202.42424242424244,726.0,52.0
31,515,15,22.916083916083917,150.98461538461538,715.0,51.0
28,515,17,23.096862210095498,99.88267394270123,733.0,52.0
29,515,1,21.62914862914863,47.484848484848484,693.0,51.0
30,516,18,22.832872928176794,203.97099447513813,724.0,51.0
31,516,15,20.748137108792847,151.3204172876304,671.0,51.0
28,516,17,23.10054347826087,100.37771739130434,736.0,52.0
29,516,1,21.549562682215743,47.64868804664723,686.0,52.0
30,517,18,22.881632653061224,205.5387755102041,735.0,52.0
31,517,15,20.73472429210134,152.30253353204174,671.0,51.0
28,517,17,23.06711409395973,100.9234899328859,745.0,53.0
29,517,1,23.747956403269754,48.64032697547684,734.0,52.0
30,518,18,21.570080862533693,206.84636118598382,742.0,53.0
31,518,15,23.175824175824175,154.37637362637363,728.0,52.0
28,518,17,26.83157894736842,102.02105263157895,665.0,53.0
29,518,1,23.72751677852349,48.946308724832214,745.0,53.0
30,519,18,21.349120433017593,208.6278755074425,739.0,54.0
31,519,15,20.8077474892396,154.50502152080344,697.0,53.0
28,519,17,26.810164424514202,102.12406576980568,669.0,53.0
29,519,1,23.704,49.282666666666664,750.0,53.0
30,520,18,23.032765399737876,210.26605504587155,763.0,54.0
31,520,15,20.745014245014247,155.508547008547,702.0,53.0
28,520,17,26.8023598820059,102.75221238938053,678.0,54.0
29,520,1,23.71808510638298,49.17686170212766,752.0,53.0
30,521,18,23.069190600522195,211.65665796344646,766.0,55.0
31,521,15,20.99452804377565,157.18057455540355,731.0,54.0
28,521,17,23.083333333333332,103.68619791666667,768.0,54.0
29,521,1,21.51825842696629,48.54775280898876,712.0,54.0
30,522,18,23.133848133848133,213.4079794079794,777.0,56.0
31,522,15,21.36904761904762,158.515873015873,756.0,54.0
28,522,17,23.096525096525095,104.37065637065638,777.0,55.0
29,522,1,21.527196652719667,48.735006973500695,717.0,54.0
30,523,18,23.167091836734695,214.28316326530611,784.0,56.0
31,523,15,24.60052219321149,159.3746736292428,766.0,54.0
28,523,17,26.81896551724138,105.0603448275862,696.0,55.0
29,523,1,21.553398058252426,48.87101248266297,721.0,55.0
30,524,18,23.573435504469987,215.7369093231162,783.0,56.0
31,524,15,24.770428015564203,160.43060959792479,771.0,54.0
28,524,17,23.096080910240204,105.30088495575221,791.0,56.0
29,524,1,21.540577716643742,48.99174690508941,727.0,55.0
30,525,18,21.626716604244695,217.53807740324595,801.0,57.0
31,525,15,24.759541984732824,161.39821882951654,786.0,56.0
28,525,17,26.81188118811881,106.41018387553041,707.0,56.0
29,525,1,21.55449591280654,49.2275204359673,734.0,56.0
30,526,18,23.44430693069307,219.77227722772278,808.0,58.0
31,526,15,22.05576679340938,163.02661596958174,789.0,57.0
28,526,17,23.49194547707559,106.88228004956629,807.0,57.0
29,526,1,23.963337547408344,50.37041719342604,791.0,57.0
30,527,18,21.77493917274939,221.33698296836982,822.0,58.0
31,527,15,25.16876574307305,163.86523929471034,794.0,57.0
28,527,17,26.806896551724137,107.52,725.0,58.0
29,527,1,21.76478318002628,49.65834428383705,761.0,56.0
30,528,18,21.860911270983213,222.9892086330935,834.0,59.0
31,528,15,21.7425,165.49875,800.0,57.0
28,528,17,23.091463414634145,108.19146341463414,820.0,58.0
29,528,1,23.980124223602484,51.08447204968944,805.0,57.0
30,529,18,21.961904761904762,225.37261904761905,840.0,60.0
31,529,15,25.175960346964064,166.728624535316,807.0,57.0
28,529,17,23.079710144927535,109.43840579710145,828.0,58.0
29,529,1,23.684531059683312,51.593179049939096,821.0,58.0
30,530,18,22.091775923718714,226.7818831942789,839.0,58.0
31,530,15,24.74938574938575,167.96683046683046,814.0,57.0
28,530,17,26.801333333333332,110.07466666666667,750.0,59.0
29,530,1,21.540051679586565,50.57235142118863,774.0,58.0
30,531,18,21.77007299270073,227.6800486618005,822.0,57.0
31,531,15,24.748481166464156,169.6221142162819,823.0,58.0
28,531,17,26.804491413474242,111.36856010568032,757.0,60.0
29,531,1,21.73776662484316,51.12923462986198,797.0,59.0
30,532,18,22.326302729528535,228.64019851116626,806.0,55.0
31,532,15,24.742478941034896,171.2262334536703,831.0,59.0
28,532,17,23.112018669778298,111.99183197199534,857.0,61.0
29,532,1,23.982290436835893,52.50413223140496,847.0,60.0
30,533,18,24.390463917525775,229.60180412371133,776.0,53.0
31,533,15,21.71326164874552,172.95818399044205,837.0,59.0
28,533,17,26.80724450194049,112.91591203104787,773.0,61.0
29,533,1,21.72570725707257,51.5830258302583,813.0,60.0
30,534,18,24.444152431011826,230.1222076215506,761.0,52.0
31,534,15,24.739336492890995,173.5936018957346,844.0,60.0
28,534,17,26.80921895006402,113.59154929577464,781.0,62.0
29,534,1,21.550435865504358,51.49813200498132,803.0,60.0
30,535,18,24.256130790190735,231.00136239782017,734.0,51.0
31,535,15,21.71715976331361,175.28994082840237,845.0,60.0
28,535,17,23.11551528878822,114.25254813137033,883.0,62.0
29,535,1,23.66743648960739,53.09237875288684,866.0,61.0
30,536,18,22.56798866855524,231.86968838526911,706.0,49.0
31,536,15,24.748837209302327,176.16744186046512,860.0,61.0
28,536,17,26.80377358490566,115.06163522012578,795.0,63.0
29,536,1,21.723225030084237,52.2057761732852,831.0,61.0
30,537,18,22.272058823529413,232.81617647058823,680.0,47.0
31,537,15,21.686206896551724,178.21149425287356,870.0,61.0
28,537,17,23.100998890122085,116.14872364039955,901.0,63.0
29,537,1,21.556626506024095,52.36506024096386,830.0,62.0
30,538,18,22.38139534883721,233.96124031007753,645.0,45.0
31,538,15,24.726027397260275,179.7123287671233,876.0,62.0
28,538,17,23.10867178924259,117.1635565312843,911.0,64.0
29,538,1,23.678571428571427,54.09263392857143,896.0,63.0
30,539,18,22.63166397415186,234.63489499192247,619.0,43.0
31,539,15,21.656851642129105,181.40770101925256,883.0,63.0
28,539,17,26.815724815724817,118.46314496314497,814.0,64.0
29,539,1,21.711649365628606,53.42675893886967,867.0,64.0
30,540,18,22.87668918918919,235.6233108108108,592.0,41.0
31,540,15,24.729003359462485,182.81298992161254,893.0,63.0
28,540,17,23.14177489177489,119.07142857142857,924.0,65.0
29,540,1,21.72852233676976,53.664375715922105,873.0,64.0
30,541,18,22.984182776801404,236.47100175746925,569.0,40.0
31,541,15,24.721546961325966,184.14475138121546,905.0,63.0
28,541,17,26.80940892641737,120.09650180940892,829.0,65.0
29,541,1,21.7341628959276,54.01470588235294,884.0,65.0
30,542,18,25.06788990825688,237.3559633027523,545.0,38.0
31,542,15,21.685022026431717,186.14537444933922,908.0,64.0
28,542,17,26.804295942720763,120.73866348448688,838.0,66.0
29,542,1,21.72686733556299,54.35340022296544,897.0,66.0
30,543,18,23.028790786948175,238.09021113243762,521.0,36.0
31,543,15,21.66048034934498,187.4410480349345,916.0,64.0
28,543,17,23.136268343815512,121.84067085953879,954.0,67.0
29,543,1,21.729699666295883,54.42491657397108,899.0,66.0
30,544,18,23.036585365853657,239.0508130081301,492.0,35.0
31,544,15,21.652642934196333,188.74865156418554,927.0,65.0
28,544,17,23.120167189132708,122.74503657262278,957.0,67.0
29,544,1,21.715384615384615,54.801098901098904,910.0,67.0
31,545,15,21.64899257688229,190.21951219512195,943.0,67.0
28,545,17,23.1407867494824,123.57246376811594,966.0,68.0
29,545,1,21.72628135223555,55.05888767720829,917.0,67.0
31,546,15,24.712169312169312,191.42857142857142,945.0,66.0
28,546,17,23.143004115226336,124.48971193415638,972.0,68.0
29,546,1,21.740064446831365,55.41997851772288,931.0,68.0
31,547,15,21.637787056367433,193.64926931106473,958.0,68.0
28,547,17,26.810933940774486,125.96810933940775,878.0,69.0
29,547,1,23.898785425101213,56.965587044534416,988.0,69.0
31,548,15,21.639089968976215,195.3464322647363,967.0,68.0
28,548,17,23.12701612903226,126.82963709677419,992.0,69.0
29,548,1,23.912650602409638,57.25,996.0,70.0
31,549,15,21.641975308641975,196.72325102880657,972.0,68.0
28,549,17,23.130738522954093,127.76447105788424,1002.0,70.0
29,549,1,23.91434262948207,57.50099601593625,1004.0,70.0
31,550,15,24.676560900716478,197.65097236438075,977.0,69.0
28,550,17,23.147378832838772,128.50445103857567,1011.0,70.0
29,550,1,21.734567901234566,56.78086419753087,972.0,71.0
31,551,15,21.63673469387755,199.39591836734695,980.0,69.0
28,551,17,26.80374862183021,129.89856670341786,907.0,71.0
29,551,1,21.723296032553407,57.1322482197355,983.0,72.0
31,552,15,24.672361809045228,200.81306532663316,995.0,69.0
28,552,17,23.13022351797862,130.3022351797862,1029.0,72.0
29,552,1,21.680937818552497,57.56880733944954,981.0,72.0
31,553,15,24.66169154228856,202.36915422885573,1005.0,70.0
28,553,17,23.135576923076922,131.45673076923077,1040.0,72.0
29,553,1,23.910133843212236,59.03154875717017,1046.0,73.0
31,554,15,24.64851485148515,203.73069306930694,1010.0,71.0
28,554,17,23.14666666666667,132.0447619047619,1050.0,73.0
29,554,1,23.924546322827126,59.05635148042025,1047.0,73.0
31,555,15,24.652981427174975,205.6969696969697,1023.0,71.0
28,555,17,23.147727272727273,133.2443181818182,1056.0,74.0
29,555,1,21.721506442021802,58.50247770069376,1009.0,74.0
31,556,15,21.597073170731708,207.87414634146342,1025.0,72.0
28,556,17,23.139794967381174,134.76794035414724,1073.0,75.0
29,556,1,21.700293829578843,58.920666013712044,1021.0,75.0
31,557,15,21.602316602316602,209.2007722007722,1036.0,73.0
28,557,17,23.14378478664193,135.71150278293135,1078.0,75.0
29,557,1,21.695145631067962,59.20873786407767,1030.0,76.0
31,558,15,24.629310344827587,210.41283524904213,1044.0,73.0
28,558,17,26.82316442605998,136.62357807652535,967.0,76.0
29,558,1,23.898537477148082,60.586837294332724,1094.0,76.0
31,559,15,21.87535680304472,212.78401522359658,1051.0,74.0
28,559,17,23.158988256549232,137.6115627822945,1107.0,77.0
29,559,1,21.69465648854962,59.84828244274809,1048.0,77.0
31,560,15,21.84902143522833,214.60111835973905,1073.0,75.0
28,560,17,23.147849462365592,138.89605734767025,1116.0,77.0
29,560,1,21.713345864661655,59.94454887218045,1064.0,78.0
31,561,15,21.853953488372092,215.9972093023256,1075.0,75.0
28,561,17,23.16413916146298,139.67975022301516,1121.0,78.0
29,561,1,23.891459074733095,61.55338078291815,1124.0,78.0
31,562,15,24.609532538955087,217.865261228231,1091.0,76.0
28,562,17,23.156360424028268,140.74734982332154,1132.0,79.0
29,562,1,23.872471416007038,62.02814423922603,1137.0,79.0
31,563,15,24.612132352941178,218.69485294117646,1088.0,75.0
28,563,17,26.823762376237624,141.86237623762375,1010.0,79.0
29,563,1,21.70046082949309,61.10414746543779,1085.0,80.0
31,564,15,21.81436567164179,219.62686567164178,1072.0,73.0
28,564,17,23.139635732870772,142.44319167389418,1153.0,80.0
29,564,1,23.88041594454073,62.563258232235704,1154.0,80.0
31,565,15,21.864374403056352,220.50716332378224,1047.0,72.0
28,565,17,23.155231560891938,143.64665523156089,1166.0,81.0
29,565,1,23.869639794168098,63.02229845626072,1166.0,81.0
31,566,15,25.152131782945737,220.9253875968992,1032.0,71.0
28,566,17,26.801904761904762,144.43809523809523,1050.0,82.0
29,566,1,23.87339606501283,63.03421727972626,1169.0,81.0
31,567,15,22.06573705179283,222.0438247011952,1004.0,69.0
28,567,17,23.151133501259444,146.00587741393787,1191.0,83.0
29,567,1,21.70409982174688,62.29144385026738,1122.0,82.0
31,568,15,22.151639344262296,222.96311475409837,976.0,67.0
28,568,17,23.164735099337747,147.25496688741723,1208.0,84.0
29,568,1,21.68920105355575,62.49517120280948,1139.0,83.0
31,569,15,22.190073917634635,223.89545934530096,947.0,65.0
28,569,17,26.80183486238532,148.93761467889908,1090.0,85.0
29,569,1,21.702090592334496,62.80400696864111,1148.0,84.0
31,570,15,25.57638136511376,224.72156013001083,923.0,63.0
28,570,17,23.152226720647775,149.8817813765182,1235.0,85.0
29,570,1,23.846091205211728,64.9771986970684,1228.0,85.0
31,571,15,22.077008928571427,225.59821428571428,896.0,62.0
28,571,17,26.785650224215246,151.09775784753364,1115.0,87.0
29,571,1,21.696840307429547,63.96584116140051,1171.0,86.0
31,572,15,25.569318181818183,226.16704545454544,880.0,60.0
28,572,17,26.78175313059034,152.21377459749553,1118.0,87.0
29,572,1,23.874899759422615,65.64073777064957,1247.0,86.0
31,573,15,25.405627198124268,227.08323563892145,853.0,58.0
28,573,17,23.148818897637796,153.37165354330708,1270.0,88.0
29,573,1,21.678391959798994,64.43634840871022,1194.0,87.0
31,574,15,22.853155339805824,227.91868932038835,824.0,57.0
28,574,17,26.772528433945755,155.1461067366579,1143.0,89.0
29,574,1,21.708126036484245,65.20812603648424,1206.0,88.0
31,575,15,23.007556675062972,228.98362720403023,794.0,55.0
28,575,17,23.160123171670516,156.22863741339492,1299.0,90.0
29,575,1,21.67757774140753,65.3911620294599,1222.0,89.0
31,576,15,22.565274151436032,229.84334203655354,766.0,53.0
28,576,17,23.147215865751335,157.4096109839817,1311.0,90.0
29,576,1,23.842428900845505,67.47886241352805,1301.0,90.0
31,577,15,23.021447721179623,230.6058981233244,746.0,51.0
28,577,17,23.1535552193646,158.7715582450832,1322.0,91.0
29,577,1,21.673354735152486,66.48555377207063,1246.0,91.0
31,578,15,22.88111888111888,231.5944055944056,715.0,50.0
28,578,17,23.16252821670429,160.26937547027842,1329.0,92.0
29,578,1,23.83233082706767,68.43984962406014,1330.0,92.0
31,579,15,23.0522496371553,232.37590711175616,689.0,48.0
28,579,17,23.162808065720686,161.7057505601195,1339.0,93.0
29,579,1,21.68582677165354,67.69606299212599,1270.0,93.0
28,580,17,23.53886010362694,163.80754996299038,1351.0,94.0
29,580,1,21.68866459627329,67.87422360248448,1288.0,94.0
28,581,17,26.969140950792326,165.2510425354462,1199.0,95.0
29,581,1,21.686923076923076,68.28769230769231,1300.0,95.0
28,582,17,23.545388525780684,166.52723311546842,1377.0,96.0
29,582,1,21.681226053639847,69.13256704980843,1305.0,96.0
28,583,17,23.552098408104197,167.44283646888567,1382.0,96.0
29,583,1,23.84282624369142,70.63446286950253,1387.0,96.0
28,584,17,26.99918367346939,168.42530612244897,1225.0,98.0
29,584,1,21.706103993971364,69.56141672946495,1327.0,98.0
28,585,17,27.004051863857374,169.9489465153971,1234.0,99.0
29,585,1,21.711394302848575,69.97901049475263,1334.0,99.0
28,586,17,23.57558552164656,171.90702625975868,1409.0,99.0
29,586,1,21.72089552238806,70.27537313432836,1340.0,99.0
28,587,17,23.58151023288638,172.85391672547635,1417.0,100.0
29,587,1,23.814345991561183,73.042194092827,1422.0,101.0
28,588,17,23.190877192982455,174.03298245614036,1425.0,101.0
29,588,1,21.716814159292035,71.48008849557522,1356.0,102.0
28,589,17,23.591707659873506,174.0295151089248,1423.0,101.0
32,589,19,22.310198300283286,98.1798866855524,706.0,51.0
33,589,1,24.286524822695036,47.712056737588654,705.0,50.0
34,590,20,25.21212121212121,198.98556998556998,693.0,51.0
35,590,17,26.807754442649436,149.02261712439417,619.0,49.0
32,590,19,22.300279329608937,98.51256983240224,716.0,52.0
33,590,1,21.77485380116959,47.026315789473685,684.0,50.0
34,591,20,25.226361031518625,200.1375358166189,698.0,51.0
35,591,17,23.08974358974359,149.7863247863248,702.0,50.0
32,591,19,22.272222222222222,99.23333333333333,720.0,52.0
33,591,1,22.03271692745377,47.58179231863443,703.0,51.0
34,592,20,24.558659217877096,201.99720670391062,716.0,51.0
35,592,17,23.071932299012694,150.52750352609308,709.0,50.0
32,592,19,22.065006915629322,99.36791147994468,723.0,52.0
33,592,1,22.27094972067039,48.03491620111732,716.0,51.0
34,593,20,25.260083449235047,203.17663421418638,719.0,52.0
35,593,17,23.082287308228732,151.80195258019526,717.0,51.0
32,593,19,21.243243243243242,99.79231863442389,703.0,52.0
33,593,1,22.825309491059148,48.3232462173315,727.0,52.0
34,594,20,24.539918809201623,204.84303112313938,739.0,53.0
35,594,17,23.104022191400833,152.9126213592233,721.0,51.0
32,594,19,22.056910569105693,100.71138211382114,738.0,53.0
33,594,1,22.923076923076923,48.65934065934066,728.0,52.0
34,595,20,25.30261348005502,206.36863823933976,727.0,52.0
35,595,17,23.096862210095498,153.88267394270122,733.0,52.0
32,595,19,22.024291497975707,101.31983805668017,741.0,53.0
33,595,1,25.683195592286502,48.925619834710744,726.0,53.0
34,596,20,24.668900804289546,207.99195710455763,746.0,53.0
35,596,17,23.106612685560055,155.1808367071525,741.0,53.0
32,596,19,22.044117647058822,102.07486631016043,748.0,54.0
33,596,1,22.921727395411605,48.8974358974359,741.0,53.0
34,597,20,25.039525691699605,209.6916996047431,759.0,54.0
35,597,17,23.07712765957447,156.20744680851064,752.0,53.0
32,597,19,22.044117647058822,102.34358288770053,748.0,54.0
33,597,1,22.922563417890522,49.28170894526035,749.0,53.0
34,598,20,24.095424836601307,211.92679738562092,765.0,55.0
35,598,17,23.102902374670183,157.68337730870712,758.0,54.0
32,598,19,21.27482993197279,102.8829931972789,735.0,54.0
33,598,1,22.926315789473684,49.625,760.0,54.0
34,599,20,24.809585492227978,213.60362694300517,772.0,55.0
35,599,17,23.098829648894668,159.1742522756827,769.0,55.0
32,599,19,22.065274151436032,103.822454308094,766.0,55.0
33,599,1,22.897503285151117,49.565045992115635,761.0,54.0
34,600,20,24.857509627727858,215.90500641848524,779.0,55.0
35,600,17,26.78787878787879,160.21645021645023,693.0,55.0
32,600,19,22.046272493573266,105.03470437017995,778.0,56.0
33,600,1,25.6697247706422,50.218872870249015,763.0,55.0
34,601,20,25.21092757306226,216.59847522236342,787.0,56.0
35,601,17,26.80603448275862,161.07614942528735,696.0,55.0
32,601,19,21.286472148541115,105.16180371352785,754.0,56.0
33,601,1,25.67539267015707,50.30104712041885,764.0,55.0
34,602,20,24.948427672955976,218.9245283018868,795.0,57.0
35,602,17,23.09469696969697,162.84595959595958,792.0,56.0
32,602,19,22.315656565656564,106.26262626262626,792.0,56.0
33,602,1,22.889873417721518,50.664556962025316,790.0,56.0
34,603,20,24.35563816604709,220.98265179677819,807.0,57.0
35,603,17,26.964387464387464,163.92735042735043,702.0,57.0
32,603,19,21.471190781049938,106.43533930857875,781.0,57.0
33,603,1,25.90909090909091,50.87532467532468,770.0,56.0
34,604,20,25.030674846625768,222.71656441717792,815.0,58.0
35,604,17,26.805825242718445,165.01941747572815,721.0,57.0
32,604,19,22.06375,107.65875,800.0,57.0
33,604,1,22.884856070087608,50.70963704630788,799.0,57.0
34,605,20,24.7390243902439,224.53170731707317,820.0,58.0
35,605,17,26.8,166.66164383561645,730.0,58.0
32,605,19,21.48375,108.14125,800.0,58.0
33,605,1,22.874074074074073,51.00617283950617,810.0,57.0
34,606,20,24.435151515151514,226.2969696969697,825.0,58.0
35,606,17,23.102065613608747,167.88699878493318,823.0,58.0
32,606,19,22.049878345498783,109.49391727493918,822.0,59.0
33,606,1,22.887530562347187,51.50611246943765,818.0,58.0
34,607,20,24.166056166056165,227.38949938949938,819.0,57.0
35,607,17,23.095808383233532,168.91377245508983,835.0,59.0
32,607,19,22.313253012048193,109.59277108433734,830.0,59.0
33,607,1,22.895377128953772,51.63868613138686,822.0,58.0
34,608,20,24.112903225806452,228.54342431761788,806.0,55.0
35,608,17,23.095238095238095,169.89880952380952,840.0,59.0
32,608,19,22.053571428571427,110.08571428571429,840.0,60.0
33,608,1,25.614532019704434,51.80049261083744,812.0,58.0
34,609,20,24.488520408163264,229.26020408163265,784.0,54.0
35,609,17,26.79736842105263,171.48552631578949,760.0,60.0
32,609,19,22.31435349940688,111.40688018979834,843.0,60.0
33,609,1,25.608748481166465,52.06439854191981,823.0,59.0
34,610,20,23.711462450592887,230.11198945981553,759.0,52.0
35,610,17,23.115116279069767,173.09651162790698,860.0,61.0
32,610,19,22.073634204275535,112.11163895486936,842.0,60.0
33,610,1,22.889281507656065,52.67137809187279,849.0,60.0
34,611,20,23.716216216216218,230.73918918918918,740.0,51.0
35,611,17,23.096774193548388,174.34331797235023,868.0,61.0
32,611,19,22.312354312354312,112.62470862470863,858.0,61.0
33,611,1,22.87822014051522,52.75409836065574,854.0,60.0
34,612,20,24.15449438202247,231.7261235955056,712.0,49.0
35,612,17,23.10411899313501,175.6178489702517,874.0,62.0
32,612,19,22.048442906574394,113.9757785467128,867.0,62.0
33,612,1,22.847398843930637,53.17109826589596,865.0,61.0
34,613,20,23.390029325513197,232.61876832844575,682.0,47.0
35,613,17,23.103174603174605,176.84013605442178,882.0,62.0
32,613,19,22.32232346241458,114.3382687927107,878.0,62.0
33,613,1,25.61350407450524,53.34109429569266,859.0,61.0
34,614,20,24.224397590361445,233.38403614457832,664.0,46.0
35,614,17,26.814720812182742,178.48096446700507,788.0,62.0
32,614,19,22.057692307692307,115.5972850678733,884.0,63.0
33,614,1,22.861205915813425,53.35494880546075,879.0,62.0
34,615,20,23.352664576802507,234.15987460815046,638.0,44.0
35,615,17,26.801498127340825,179.97503121098626,801.0,63.0
32,615,19,22.306145251396647,116.11731843575419,895.0,64.0
33,615,1,22.865079365079364,53.766439909297056,882.0,62.0
34,616,20,23.38362760834671,234.65810593900483,623.0,43.0
35,616,17,23.134955752212388,180.56858407079645,904.0,64.0
32,616,19,22.305122494432073,116.98440979955457,898.0,64.0
33,616,1,25.58437146092865,54.069082672706685,883.0,63.0
34,617,20,23.713810316139767,235.30449251247921,601.0,42.0
35,617,17,23.112458654906284,182.01984564498346,907.0,63.0
32,617,19,22.314095449500556,117.82685904550499,901.0,65.0
33,617,1,25.57894736842105,54.29115341545353,893.0,63.0
34,618,20,23.743859649122808,236.33333333333334,570.0,40.0
35,618,17,26.812269938650306,183.50184049079755,815.0,64.0
32,618,19,22.312431243124312,118.58415841584159,909.0,65.0
33,618,1,25.582039911308204,54.549889135254986,902.0,64.0
34,619,20,23.069724770642203,237.2880733944954,545.0,38.0
35,619,17,23.12526997840173,184.96868250539956,926.0,65.0
32,619,19,22.319565217391304,119.50760869565218,920.0,65.0
33,619,1,25.601760176017603,54.83168316831683,909.0,64.0
34,620,20,23.092307692307692,238.0596153846154,520.0,37.0
35,620,17,26.806912991656734,186.49344457687724,839.0,66.0
32,620,19,21.529605263157894,119.88048245614036,912.0,66.0
33,620,1,25.57843137254902,55.10130718954248,918.0,65.0
35,621,17,26.80952380952381,187.4547619047619,840.0,66.0
32,621,19,22.312700106723586,120.94770544290289,937.0,67.0
33,621,1,22.843179377013964,55.35660580021482,931.0,66.0
35,622,17,23.12,188.5178947368421,950.0,66.0
32,622,19,21.49730312837109,121.33656957928802,927.0,67.0
33,622,1,22.825717321997875,55.317747077577046,941.0,66.0
35,623,17,23.134854771784234,190.09854771784234,964.0,67.0
32,623,19,22.311715481171547,122.31066945606695,956.0,68.0
33,623,1,25.580748663101605,55.705882352941174,935.0,66.0
35,624,17,23.142268041237113,191.38453608247423,970.0,68.0
32,624,19,21.51009564293305,122.86716259298619,941.0,68.0
33,624,1,22.835774058577407,55.99476987447699,956.0,67.0
35,625,17,23.139344262295083,192.63217213114754,976.0,68.0
32,625,19,22.31449126413155,123.72559095580678,973.0,69.0
33,625,1,22.83628779979145,55.89989572471324,959.0,67.0
35,626,17,23.13259109311741,193.97874493927125,988.0,69.0
32,626,19,21.52947259565667,124.25956566701137,967.0,70.0
33,626,1,22.81036269430052,56.28082901554404,965.0,68.0
35,627,17,26.808773903262093,195.66929133858267,889.0,70.0
32,627,19,22.316265060240966,125.68072289156626,996.0,71.0
33,627,1,25.56133056133056,56.59251559251559,962.0,68.0
35,628,17,23.141584158415842,196.9910891089109,1010.0,71.0
32,628,19,21.52200614124872,125.59365404298875,977.0,71.0
33,628,1,22.82059123343527,56.84913353720693,981.0,69.0
35,629,17,23.136274509803922,198.24117647058824,1020.0,71.0
32,629,19,21.53185035389282,126.46916076845298,989.0,71.0
33,629,1,22.815040650406505,56.90142276422764,984.0,69.0
35,630,17,26.813186813186814,200.02857142857144,910.0,71.0
32,630,19,21.504513540621865,127.74924774322969,997.0,72.0
33,630,1,22.81881881881882,57.32032032032032,999.0,70.0
35,631,17,26.795479009687835,202.14101184068892,929.0,73.0
32,631,19,22.3134765625,128.9462890625,1024.0,72.0
33,631,1,25.559,57.849,1000.0,70.0
35,632,17,23.146131805157594,203.92550143266476,1047.0,73.0
32,632,19,21.52404317958783,130.41511285574092,1019.0,73.0
33,632,1,22.789115646258505,58.369290573372204,1029.0,72.0
35,633,17,26.821199143468952,205.11884368308353,934.0,73.0
32,633,19,22.322243346007603,131.31558935361215,1052.0,74.0
33,633,1,22.798839458413926,58.60058027079304,1034.0,72.0
35,634,17,23.143932267168392,207.22201317027282,1063.0,74.0
32,634,19,22.30667920978363,132.42991533396048,1063.0,75.0
33,634,1,22.800575263662513,58.86193672099712,1043.0,73.0
35,635,17,26.801041666666666,209.01145833333334,960.0,75.0
32,635,19,21.529186602870812,133.26507177033494,1045.0,75.0
33,635,1,22.7882797731569,59.370510396975426,1058.0,74.0
35,636,17,26.8125,210.13125,960.0,75.0
32,636,19,22.321229050279328,134.49162011173183,1074.0,76.0
33,636,1,22.774555659494855,59.73152478952292,1069.0,75.0
35,637,17,23.154968094804012,211.54238833181404,1097.0,76.0
32,637,19,22.31388888888889,135.30462962962963,1080.0,76.0
33,637,1,25.529962546816478,60.094569288389515,1068.0,75.0
35,638,17,23.15336322869955,213.49237668161436,1115.0,78.0
32,638,19,22.3125,136.56066176470588,1088.0,77.0
33,638,1,25.521698984302862,60.54755309325947,1083.0,76.0
35,639,17,23.149732620320854,215.3957219251337,1122.0,78.0
32,639,19,21.555658627087197,137.37105751391465,1078.0,77.0
33,639,1,22.764492753623188,60.90307971014493,1104.0,77.0
35,640,17,23.150976909413853,216.81793960923625,1126.0,78.0
32,640,19,21.542435424354245,138.17343173431735,1084.0,77.0
33,640,1,25.54471544715447,61.520325203252035,1107.0,78.0
35,641,17,23.12232142857143,217.6330357142857,1120.0,77.0
32,641,19,22.310653536257835,139.55774395702775,1117.0,79.0
33,641,1,25.527877697841728,61.54046762589928,1112.0,78.0
35,642,17,23.093381686310064,218.52039891205803,1103.0,75.0
32,642,19,22.319469026548674,140.34867256637168,1130.0,80.0
33,642,1,22.77639751552795,61.66903283052351,1127.0,79.0
35,643,17,23.039558417663294,219.23091076356945,1087.0,74.0
32,643,19,22.32399299474606,141.29597197898423,1142.0,80.0
33,643,1,22.76646180860404,62.067603160667254,1139.0,79.0
35,644,17,23.026217228464418,219.9307116104869,1068.0,73.0
32,644,19,21.54207263064659,142.17360496014172,1129.0,81.0
33,644,1,22.76949740034662,62.567590987868286,1154.0,80.0
35,645,17,26.871459694989106,220.30392156862746,918.0,71.0
32,645,19,22.31386224934612,142.97646033129905,1147.0,81.0
33,645,1,22.76923076923077,62.66897147796024,1157.0,81.0
35,646,17,22.95821185617104,221.2031098153547,1029.0,70.0
32,646,19,21.558566433566433,143.7124125874126,1144.0,82.0
33,646,1,22.78253424657534,63.0333904109589,1168.0,81.0
35,647,17,26.889269406392692,221.6700913242009,876.0,68.0
32,647,19,21.545768566493955,145.20034542314335,1158.0,83.0
33,647,1,22.7735368956743,63.40373197625106,1179.0,82.0
35,648,17,22.944728761514842,222.9109518935517,977.0,67.0
32,648,19,22.311872909698998,146.88545150501673,1196.0,84.0
33,648,1,25.521922428330523,64.07672849915683,1186.0,83.0
35,649,17,26.921780986762936,223.0072202166065,831.0,65.0
32,649,19,22.326955074875208,148.1405990016639,1202.0,84.0
33,649,1,22.766749379652605,64.4036393713813,1209.0,84.0
35,650,17,22.934924078091107,224.74403470715836,922.0,63.0
32,650,19,22.323746918652425,149.6277732128184,1217.0,85.0
33,650,1,25.525883319638456,65.126540673788,1217.0,85.0
35,651,17,22.944196428571427,225.61272321428572,896.0,61.0
32,651,19,22.30938775510204,150.8938775510204,1225.0,86.0
33,651,1,22.783805668016193,65.27287449392712,1235.0,86.0
35,652,17,22.931740614334473,226.226393629124,879.0,60.0
32,652,19,22.328478964401295,151.67233009708738,1236.0,87.0
33,652,1,25.50486223662885,65.71555915721231,1234.0,86.0
35,653,17,22.970828471411902,226.91481913652277,857.0,59.0
32,653,19,22.30793905372895,153.05613472333602,1247.0,88.0
33,653,1,22.774244833068362,66.03338632750398,1258.0,87.0
35,654,17,26.896978021978022,226.75686813186815,728.0,57.0
32,654,19,22.327751196172247,153.95693779904306,1254.0,88.0
33,654,1,25.49960285941223,66.47180301826846,1259.0,88.0
35,655,17,23.04089219330855,228.59727385377943,807.0,55.0
32,655,19,22.31728492501973,155.36937647987372,1267.0,89.0
33,655,1,22.79609375,66.93359375,1280.0,89.0
35,656,17,26.904831625183014,228.3294289897511,683.0,54.0
32,656,19,22.320843091334893,156.84777517564402,1281.0,90.0
33,656,1,22.77563608326908,67.36777178103316,1297.0,90.0
35,657,17,23.130606860158313,230.21899736147756,758.0,52.0
32,657,19,21.545886075949365,157.74287974683546,1264.0,90.0
33,657,1,22.766819571865444,67.73700305810398,1308.0,91.0
35,658,17,26.858034321372855,230.13260530421218,641.0,50.0
32,658,19,21.554693560899924,158.55081458494956,1289.0,92.0
33,658,1,22.784954407294833,68.03267477203647,1316.0,91.0
35,659,17,23.244725738396625,231.68635724331926,711.0,49.0
32,659,19,21.54,160.02076923076922,1300.0,93.0
33,659,1,25.493171471927162,68.47344461305008,1318.0,92.0
32,660,19,22.32957957957958,161.96471471471472,1332.0,94.0
33,660,1,25.810397553516818,69.5237003058104,1308.0,93.0
32,661,19,22.320950965824665,163.45319465081724,1346.0,95.0
33,661,1,23.073855243722303,69.5834564254062,1354.0,94.0
32,662,19,22.32300884955752,164.94247787610618,1356.0,96.0
33,662,1,23.046852122986824,70.09370424597364,1366.0,95.0
32,663,19,22.3125,165.91764705882352,1360.0,96.0
33,663,1,25.46783625730994,70.50438596491227,1368.0,96.0
32,664,19,22.313411078717202,166.62900874635568,1372.0,97.0
33,664,1,22.792480115690527,70.54519161243674,1383.0,96.0
32,665,19,22.30847212165098,168.00072411296162,1381.0,98.0
33,665,1,23.095545977011493,70.60057471264368,1392.0,98.0
32,666,19,22.311735061195105,169.59899208063354,1389.0,99.0
33,666,1,23.068620443173696,71.29807005003573,1399.0,98.0
32,667,19,22.323802716225874,171.1386704789135,1399.0,100.0
33,667,1,23.068843151171045,72.06813342796309,1409.0,99.0
32,668,19,22.32099644128114,172.54661921708185,1405.0,101.0
33,668,1,23.08050847457627,72.55790960451978,1416.0,100.0
32,669,19,22.30720338983051,173.76624293785312,1416.0,102.0
33,669,1,25.789398280802292,73.53295128939828,1396.0,101.0
36,670,21,20.506870229007635,200.16488549618322,655.0,51.0
37,670,19,21.46938775510204,148.268221574344,686.0,50.0
33,670,1,23.078004216444132,72.88826423049895,1423.0,101.0
36,671,21,20.47812971342383,200.15384615384616,663.0,51.0
37,671,19,22.31896551724138,148.48706896551724,696.0,50.0
38,671,22,25.844155844155843,97.78932178932179,693.0,51.0
39,671,1,25.23953823953824,47.57864357864358,693.0,50.0
36,672,21,23.56830601092896,201.5983606557377,732.0,52.0
37,672,19,22.281690140845072,149.5830985915493,710.0,51.0
38,672,22,25.829694323144103,98.136826783115,687.0,52.0
39,672,1,22.350852272727273,47.56960227272727,704.0,50.0
36,673,21,20.497041420118343,202.8846153846154,676.0,52.0
37,673,19,22.01551480959097,149.8067700987306,709.0,51.0
38,673,22,25.313304721030043,98.5937052932761,699.0,51.0
39,673,1,25.6822695035461,48.248226950354606,705.0,51.0
36,674,21,20.48911465892598,204.4354136429608,689.0,53.0
37,674,19,21.28307254623044,150.67425320056898,703.0,52.0
38,674,22,24.837307152875177,99.27910238429172,713.0,52.0
39,674,1,22.915862068965517,48.29793103448276,725.0,52.0
36,675,21,20.49782923299566,206.150506512301,691.0,53.0
37,675,19,22.004126547455297,152.16781292984868,727.0,52.0
38,675,22,22.07093184979138,100.8289290681502,719.0,52.0
39,675,1,25.690277777777776,48.731944444444444,720.0,52.0
36,676,21,23.62417871222076,207.46780551905388,761.0,54.0
37,676,19,22.2710027100271,153.6138211382114,738.0,53.0
38,676,22,24.80658436213992,100.69958847736625,729.0,53.0
39,676,1,22.922764227642276,48.79132791327913,738.0,53.0
36,677,21,20.5177304964539,209.67659574468084,705.0,54.0
37,677,19,22.279946164199192,154.86541049798114,743.0,53.0
38,677,22,22.031636863823934,102.54057771664374,727.0,53.0
39,677,1,22.921727395411605,48.8974358974359,741.0,53.0
36,678,21,20.547486033519554,211.3631284916201,716.0,55.0
37,678,19,22.26887417218543,156.21456953642385,755.0,54.0
38,678,22,24.794354838709676,102.17876344086021,744.0,54.0
39,678,1,22.913333333333334,49.370666666666665,750.0,54.0
36,679,21,23.370038412291933,212.9641485275288,781.0,55.0
37,679,19,22.279738562091502,157.60653594771242,765.0,55.0
38,679,22,24.79045092838196,103.1790450928382,754.0,54.0
39,679,1,22.926315789473684,49.625,760.0,54.0
36,680,21,23.39440203562341,214.4554707379135,786.0,56.0
37,680,19,21.315930388219545,158.53279785809906,747.0,55.0
38,680,22,22.01063829787234,104.65292553191489,752.0,55.0
39,680,1,25.662251655629138,49.99337748344371,755.0,55.0
36,681,21,20.58480325644505,216.0461329715061,737.0,56.0
37,681,19,21.334656084656086,159.47222222222223,756.0,55.0
38,681,22,21.958885941644564,104.96021220159152,754.0,55.0
39,681,1,22.912144702842376,49.90180878552972,774.0,55.0
36,682,21,23.704773869346734,217.78517587939697,796.0,57.0
37,682,19,22.257941550190598,160.76493011435832,787.0,57.0
38,682,22,24.81924577373212,105.44733420026007,769.0,55.0
39,682,1,22.895408163265305,50.232142857142854,784.0,56.0
36,683,21,23.777227722772277,219.8589108910891,808.0,57.0
37,683,19,22.272955974842766,162.50943396226415,795.0,57.0
38,683,22,21.976774193548387,106.95483870967742,775.0,56.0
39,683,1,23.13888888888889,50.48106060606061,792.0,56.0
36,684,21,20.644179894179896,222.46296296296296,756.0,57.0
37,684,19,21.531565656565657,163.73863636363637,792.0,57.0
38,684,22,22.221941992433795,107.6923076923077,793.0,57.0
39,684,1,25.6117496807152,50.55300127713921,783.0,57.0
36,685,21,20.70664928292047,224.79530638852674,767.0,58.0
37,685,19,22.351941747572816,165.91383495145632,824.0,59.0
38,685,22,22.20828105395232,108.55457967377666,797.0,57.0
39,685,1,25.91176470588235,51.294117647058826,782.0,58.0
36,686,21,23.911377245508984,226.02754491017964,835.0,59.0
37,686,19,22.73012048192771,167.20963855421687,830.0,59.0
38,686,22,24.71658415841584,109.10148514851485,808.0,58.0
39,686,1,22.895377128953772,51.63868613138686,822.0,58.0
36,687,21,23.64087061668682,227.24788391777508,827.0,57.0
37,687,19,23.367541766109785,168.24224343675417,838.0,60.0
38,687,22,24.72671568627451,109.79166666666667,816.0,57.0
39,687,1,22.881927710843375,51.95903614457831,830.0,59.0
36,688,21,23.625,227.72208737864077,824.0,57.0
37,688,19,22.838862559241708,169.49644549763033,844.0,60.0
38,688,22,24.971813725490197,110.06372549019608,816.0,58.0
39,688,1,22.877844311377245,52.16526946107784,835.0,59.0
36,689,21,23.647281921618205,229.12389380530973,791.0,54.0
37,689,19,24.02204176334107,170.89327146171695,862.0,61.0
38,689,22,22.17818181818182,111.59878787878787,825.0,59.0
39,689,1,22.86104513064133,51.99049881235155,842.0,59.0
36,690,21,20.43342776203966,230.06940509915015,706.0,53.0
37,690,19,23.693287037037038,172.19212962962962,864.0,61.0
38,690,22,24.725653206650833,111.97862232779097,842.0,60.0
39,690,1,22.87822014051522,52.75409836065574,854.0,60.0
36,691,21,23.695827725437415,230.7415881561238,743.0,51.0
37,691,19,23.698739977090494,173.88087056128293,873.0,61.0
38,691,22,24.71327849588719,113.2726204465335,851.0,60.0
39,691,1,22.847398843930637,53.17109826589596,865.0,61.0
36,692,21,24.015384615384615,231.77902097902097,715.0,49.0
37,692,19,23.120591581342435,175.32423208191128,879.0,62.0
38,692,22,24.99643281807372,113.90725326991677,841.0,61.0
39,692,1,22.880733944954127,53.43922018348624,872.0,62.0
36,693,21,20.45754716981132,232.69025157232704,636.0,47.0
37,693,19,23.670045045045047,176.87387387387386,888.0,63.0
38,693,22,21.94158878504673,115.8855140186916,856.0,62.0
39,693,1,22.865079365079364,53.766439909297056,882.0,62.0
36,694,21,20.414754098360657,233.45573770491802,610.0,46.0
37,694,19,23.670391061452513,178.55083798882683,895.0,64.0
38,694,22,24.980392156862745,115.82006920415225,867.0,62.0
39,694,1,22.85395763656633,54.14046822742475,897.0,63.0
36,695,21,20.26388888888889,234.16840277777777,576.0,44.0
37,695,19,24.0,179.9617067833698,914.0,65.0
38,695,22,21.938869665513263,117.32179930795847,867.0,63.0
39,695,1,22.852222222222224,53.94,900.0,63.0
36,696,21,20.273056057866185,235.0524412296564,553.0,42.0
37,696,19,22.757080610021788,181.22331154684096,918.0,65.0
38,696,22,24.667789001122333,117.62850729517396,891.0,63.0
39,696,1,22.845733041575492,54.2855579868709,914.0,64.0
36,697,21,23.899480069324092,236.35355285961873,577.0,40.0
37,697,19,22.71505376344086,183.07956989247313,930.0,65.0
38,697,22,24.986471251409245,118.53325817361895,887.0,63.0
39,697,1,22.86008676789588,55.12147505422993,922.0,65.0
36,698,21,20.467583497053045,237.0392927308448,509.0,38.0
37,698,19,23.616525423728813,184.73728813559322,944.0,66.0
38,698,22,22.175084175084177,120.57912457912458,891.0,64.0
39,698,1,22.84887459807074,55.42658092175777,933.0,66.0
36,699,21,23.490384615384617,238.1980769230769,520.0,36.0
37,699,19,23.614978902953588,186.56012658227849,948.0,66.0
38,699,22,24.951381215469613,120.46298342541436,905.0,65.0
39,699,1,25.570203644158628,55.58413719185423,933.0,66.0
37,700,19,23.62033195020747,188.36307053941908,964.0,68.0
38,700,22,24.967248908296945,121.57532751091703,916.0,65.0
39,700,1,22.835774058577407,55.99476987447699,956.0,67.0
37,701,19,23.90805785123967,189.64152892561984,968.0,68.0
38,701,22,22.15027027027027,123.32216216216216,925.0,67.0
39,701,1,22.823651452282157,56.29356846473029,964.0,68.0
37,702,19,23.915132924335378,191.04907975460122,978.0,69.0
38,702,22,22.16417910447761,124.39232409381663,938.0,67.0
39,702,1,22.82164948453608,56.30309278350516,970.0,68.0
37,703,19,23.601626016260163,192.83231707317074,984.0,69.0
38,703,22,24.972428419936374,124.45174973488865,943.0,67.0
39,703,1,22.82502543234995,56.91861648016277,983.0,69.0
37,704,19,23.595959595959595,194.58686868686868,990.0,70.0
38,704,22,22.15135699373695,126.40814196242171,958.0,69.0
39,704,1,22.823115577889446,57.266331658291456,995.0,70.0
37,705,19,23.614770459081836,196.3562874251497,1002.0,70.0
38,705,22,24.92672858617131,126.33333333333333,969.0,69.0
39,705,1,22.808764940239044,57.591633466135455,1004.0,70.0
37,706,19,22.681372549019606,197.6843137254902,1020.0,72.0
38,706,22,22.146845915201656,127.9503619441572,967.0,69.0
39,706,1,22.81620553359684,57.87747035573123,1012.0,71.0
37,707,19,23.578536585365853,198.58341463414635,1025.0,72.0
38,707,22,22.141538461538463,128.74153846153845,975.0,70.0
39,707,1,22.8141592920354,57.85840707964602,1017.0,71.0
37,708,19,23.59108527131783,199.58236434108528,1032.0,72.0
38,708,22,24.951020408163266,128.33469387755102,980.0,70.0
39,708,1,22.79142300194932,58.265107212475634,1026.0,72.0
37,709,19,22.646551724137932,201.70785440613028,1044.0,73.0
38,709,22,24.937,129.671,1000.0,71.0
39,709,1,22.783027965284475,58.53230472516876,1037.0,72.0
37,710,19,23.582302568981923,202.8639391056137,1051.0,73.0
38,710,22,24.913690476190474,130.48809523809524,1008.0,71.0
39,710,1,25.551158301158303,59.21911196911197,1036.0,73.0
37,711,19,22.628865979381445,204.3739456419869,1067.0,74.0
38,711,22,24.918065153010858,131.16979269496545,1013.0,72.0
39,711,1,22.796190476190475,59.06666666666667,1050.0,73.0
37,712,19,23.80965645311049,206.35468895078924,1077.0,76.0
38,712,22,24.91130604288499,132.2085769980507,1026.0,73.0
39,712,1,25.534728829686014,59.553758325404374,1051.0,74.0
37,713,19,22.613824884792628,207.63594470046084,1085.0,76.0
38,713,22,24.94054580896686,133.2085769980507,1026.0,73.0
39,713,1,25.55409219190969,60.08184383819379,1063.0,75.0
37,714,19,22.611668185961715,209.35369188696444,1097.0,76.0
38,714,22,22.082931533269047,135.10703953712633,1037.0,74.0
39,714,1,22.779425393883226,60.02224281742354,1079.0,75.0
37,715,19,23.794732061762033,210.53405994550408,1101.0,77.0
38,715,22,25.13030888030888,134.8638996138996,1036.0,74.0
39,715,1,22.775022956841138,60.403122130394856,1089.0,76.0
37,716,19,22.62059620596206,211.81029810298102,1107.0,77.0
38,716,22,22.09990485252141,136.7583254043768,1051.0,75.0
39,716,1,22.76657584014532,60.799273387829246,1101.0,77.0
37,717,19,23.810035842293907,214.0627240143369,1116.0,78.0
38,717,22,22.07547169811321,138.02735849056603,1060.0,76.0
39,717,1,25.5356176735798,61.54102795311091,1109.0,78.0
37,718,19,22.596444444444444,215.94844444444445,1125.0,79.0
38,718,22,22.065176908752328,139.34078212290504,1074.0,77.0
39,718,1,22.776690391459073,61.56761565836299,1124.0,78.0
37,719,19,22.58458813108946,216.7838795394154,1129.0,78.0
38,719,22,25.123720930232558,138.76093023255814,1075.0,77.0
39,719,1,25.50580875781948,61.74798927613941,1119.0,78.0
37,720,19,23.814349775784752,218.0322869955157,1115.0,76.0
38,720,22,25.11376146788991,140.00275229357797,1090.0,78.0
39,720,1,22.76646180860404,62.067603160667254,1139.0,79.0
37,721,19,22.985441310282074,218.6533212010919,1099.0,75.0
38,721,22,22.07090909090909,141.97181818181818,1100.0,78.0
39,721,1,22.770706190061027,62.33478639930253,1147.0,80.0
37,722,19,23.95841035120148,219.45009242144178,1082.0,74.0
38,722,22,25.11390134529148,142.0798206278027,1115.0,80.0
39,722,1,22.773943054357204,62.738567730802416,1159.0,81.0
37,723,19,24.105313092979127,220.21537001897534,1054.0,72.0
38,723,22,25.11101243339254,143.0,1126.0,80.0
39,723,1,25.54025974025974,63.11168831168831,1155.0,81.0
37,724,19,24.217264791464597,221.11833171677984,1031.0,70.0
38,724,22,22.043782837127846,145.55604203152365,1142.0,81.0
39,724,1,25.516239316239318,63.495726495726494,1170.0,82.0
37,725,19,22.98716683119447,221.66732477788747,1013.0,69.0
38,725,22,22.03298611111111,146.25086805555554,1152.0,82.0
39,725,1,22.792087542087543,63.7037037037037,1188.0,83.0
37,726,19,24.421747967479675,222.6158536585366,984.0,67.0
38,726,22,25.103092783505154,146.49484536082474,1164.0,83.0
39,726,1,22.775459098497496,64.03338898163607,1198.0,83.0
37,727,19,24.569502074688796,223.2064315352697,964.0,66.0
38,727,22,25.09726962457338,147.41723549488054,1172.0,83.0
39,727,1,25.49875311720698,64.48462177888612,1203.0,84.0
37,728,19,24.730564430244943,224.12353567625132,939.0,64.0
38,728,22,25.08508845829823,148.92165122156698,1187.0,84.0
39,728,1,25.503728251864125,64.70671085335543,1207.0,84.0
37,729,19,24.776086956521738,224.81195652173912,920.0,63.0
38,729,22,22.317173377156944,150.66146261298275,1217.0,86.0
39,729,1,22.78186274509804,64.90359477124183,1224.0,85.0
37,730,19,24.776905829596412,225.7578475336323,892.0,61.0
38,730,22,25.076986076986078,150.72891072891073,1221.0,87.0
39,730,1,22.7748987854251,65.26558704453441,1235.0,86.0
37,731,19,24.625724217844727,226.67439165701043,863.0,59.0
38,731,22,25.069918699186992,152.37967479674796,1230.0,87.0
39,731,1,25.498384491114702,65.64781906300485,1238.0,86.0
37,732,19,23.960620525059667,227.5381861575179,838.0,58.0
38,732,22,25.081517352703795,153.73769168684422,1239.0,88.0
39,732,1,25.49563145353455,66.5361397934869,1259.0,88.0
37,733,19,24.992610837438423,228.35344827586206,812.0,56.0
38,733,22,25.0659253375695,154.62986497220015,1259.0,89.0
39,733,1,22.76512175962294,66.53338570306363,1273.0,88.0
37,734,19,25.17557251908397,229.16666666666666,786.0,54.0
38,734,22,24.79217791411043,156.43481595092024,1304.0,90.0
39,734,1,22.784711388455538,66.86817472698908,1282.0,89.0
37,735,19,25.229057591623036,229.86780104712042,764.0,53.0
38,735,22,24.78407350689127,157.51990811638592,1306.0,91.0
39,735,1,22.776497695852534,67.53225806451613,1302.0,90.0
37,736,19,25.27260273972603,231.0068493150685,730.0,50.0
38,736,22,24.78872180451128,159.25187969924812,1330.0,92.0
39,736,1,22.784954407294833,68.03267477203647,1316.0,91.0
37,737,19,25.035816618911173,232.02292263610315,698.0,48.0
38,737,22,22.29711246200608,161.6420972644377,1316.0,93.0
39,737,1,22.799097065462753,68.53122648607976,1329.0,92.0
38,738,22,25.071860816944024,161.95990922844175,1322.0,94.0
39,738,1,23.080777860882574,69.00074794315633,1337.0,93.0
38,739,22,25.06024096385542,163.20707831325302,1328.0,95.0
39,739,1,23.079881656804734,69.48742603550296,1352.0,94.0
38,740,22,22.307692307692307,165.2551775147929,1352.0,95.0
39,740,1,25.817018072289155,70.2703313253012,1328.0,95.0
38,741,22,22.29255711127487,166.56669123065586,1357.0,96.0
39,741,1,23.055433989788476,70.30488694383662,1371.0,96.0
38,742,22,25.03232916972814,166.51506245407788,1361.0,97.0
39,742,1,23.058097312999273,70.59331880900508,1377.0,96.0
38,743,22,25.026967930029155,167.76895043731778,1372.0,98.0
39,743,1,25.811209439528024,71.51622418879056,1356.0,97.0
38,744,22,25.00580130529369,169.41479332849892,1379.0,99.0
39,744,1,23.061297220242338,71.42337847469707,1403.0,98.0
38,745,22,24.994215473608097,170.7418655097614,1383.0,99.0
39,745,1,25.792603335750545,72.71863669325599,1379.0,100.0
38,746,22,24.98198847262248,172.3393371757925,1388.0,100.0
39,746,1,23.072535211267606,72.72183098591549,1420.0,100.0
38,747,22,24.971367215461704,173.30851825340014,1397.0,101.0
39,747,1,25.811239193083573,73.4978386167147,1388.0,101.0
40,748,24,26.229832572298324,198.87975646879755,657.0,50.0
41,748,22,23.70981507823613,148.4665718349929,703.0,50.0
42,748,23,26.46153846153846,97.73692307692308,650.0,50.0
43,748,1,22.417867435158502,48.085014409221905,694.0,49.0
40,749,24,22.27298050139276,200.28969359331475,718.0,51.0
41,749,22,23.743338008415147,148.81486676016831,713.0,51.0
42,749,23,26.462006079027354,97.44376899696049,658.0,51.0
43,749,1,22.386685552407933,47.68271954674221,706.0,50.0
40,750,24,26.18208516886931,201.6372980910426,681.0,52.0
41,750,22,23.819193324061196,150.52433936022254,719.0,52.0
42,750,23,22.7966573816156,99.24512534818942,718.0,51.0
43,750,1,22.36056338028169,47.56760563380282,710.0,50.0
40,751,24,22.58016304347826,204.5475543478261,736.0,52.0
41,751,22,23.931224209078405,151.9614855570839,727.0,53.0
42,751,23,26.36390532544379,99.59023668639053,676.0,52.0
43,751,1,24.84027777777778,48.09444444444444,720.0,51.0
40,752,24,26.31896551724138,205.6494252873563,696.0,54.0
41,752,22,24.01358695652174,153.28532608695653,736.0,52.0
42,752,23,26.363372093023255,100.31104651162791,688.0,53.0
43,752,1,22.305785123966942,48.35950413223141,726.0,52.0
40,753,24,26.375539568345324,207.631654676259,695.0,54.0
41,753,22,24.279038718291055,154.63951935914554,749.0,53.0
42,753,23,26.27849927849928,101.17027417027417,693.0,53.0
43,753,1,22.256830601092897,48.51775956284153,732.0,52.0
40,754,24,22.252275682704813,210.18595578673603,769.0,55.0
41,754,22,24.594164456233422,155.73209549071618,754.0,54.0
42,754,23,22.446052631578947,102.68026315789474,760.0,54.0
43,754,1,22.264352469959945,49.00667556742323,749.0,53.0
40,755,24,26.14799446749654,210.44674965421854,723.0,55.0
41,755,22,24.85505319148936,156.16755319148936,752.0,54.0
42,755,23,22.29023746701847,103.10290237467018,758.0,53.0
43,755,1,25.02673796791444,49.26737967914438,748.0,54.0
40,756,24,26.00687757909216,211.37689133425033,727.0,55.0
41,756,22,22.002691790040377,158.10228802153432,743.0,54.0
42,756,23,22.08530183727034,103.8005249343832,762.0,54.0
43,756,1,22.428194993412383,49.42555994729908,759.0,54.0
40,757,24,21.843060959792478,213.24124513618676,771.0,55.0
41,757,22,21.970627503337784,158.20026702269692,749.0,55.0
42,757,23,21.809018567639257,104.45358090185677,754.0,55.0
43,757,1,22.926315789473684,49.51315789473684,760.0,54.0
40,758,24,21.429139072847683,215.24503311258277,755.0,56.0
41,758,22,24.74512353706112,158.82834850455137,769.0,55.0
42,758,23,25.16016150740242,103.59757738896366,743.0,55.0
43,758,1,22.92327698309493,49.92197659297789,769.0,55.0
40,759,24,21.442687747035574,216.93939393939394,759.0,57.0
41,759,22,21.96078431372549,160.6627450980392,765.0,56.0
42,759,23,21.5,105.79144385026738,748.0,55.0
43,759,1,22.912144702842376,49.90180878552972,774.0,55.0
40,760,24,21.43455497382199,218.0039267015707,764.0,57.0
41,760,22,21.972727272727273,161.49220779220778,770.0,56.0
42,760,23,21.486702127659573,106.36702127659575,752.0,56.0
43,760,1,22.895140664961637,50.308184143222505,782.0,56.0
40,761,24,21.406493506493508,219.76233766233767,770.0,57.0
41,761,22,24.99361430395913,161.95274584929757,783.0,56.0
42,761,23,21.7279792746114,107.10362694300518,772.0,56.0
43,761,1,25.62901155327343,50.67394094993581,779.0,56.0
40,762,24,21.391752577319586,221.74613402061857,776.0,57.0
41,762,22,24.991128010139416,163.1723700887199,789.0,57.0
42,762,23,21.71778350515464,107.89432989690722,776.0,57.0
43,762,1,22.898496240601503,50.62406015037594,798.0,56.0
40,763,24,21.40914866581957,223.89707750952985,787.0,59.0
41,763,22,24.71604938271605,165.17283950617283,810.0,58.0
42,763,23,21.720870678617157,108.69142125480154,781.0,57.0
43,763,1,25.62264150943396,51.164779874213835,795.0,57.0
40,764,24,21.393483709273184,225.74436090225564,798.0,59.0
41,764,22,24.73251533742331,166.32515337423314,815.0,58.0
42,764,23,21.70828025477707,109.66114649681529,785.0,57.0
43,764,1,22.8986568986569,51.31623931623932,819.0,58.0
40,765,24,25.13006134969325,226.09079754601228,815.0,58.0
41,765,22,24.71256038647343,167.7330917874396,828.0,59.0
42,765,23,25.387547649301144,108.70648030495553,787.0,58.0
43,765,1,22.901818181818182,51.738181818181815,825.0,58.0
40,766,24,21.287341772151898,228.20253164556962,790.0,57.0
41,766,22,21.948967193195625,169.18712029161603,823.0,60.0
42,766,23,25.391414141414142,109.01136363636364,792.0,59.0
43,766,1,22.880434782608695,51.888888888888886,828.0,59.0
40,767,24,21.188802083333332,229.19140625,768.0,56.0
41,767,22,21.978339350180505,170.8231046931408,831.0,60.0
42,767,23,25.126237623762375,110.14851485148515,808.0,59.0
43,767,1,22.877844311377245,52.16526946107784,835.0,59.0
40,768,24,21.435294117647057,229.8248366013072,765.0,54.0
41,768,22,21.93325387365912,172.0631704410012,839.0,60.0
42,768,23,25.13456790123457,110.78148148148148,810.0,60.0
43,768,1,22.885071090047393,52.415876777251185,844.0,60.0
40,769,24,21.09779614325069,230.81129476584022,726.0,52.0
41,769,22,24.655606407322654,172.26315789473685,874.0,62.0
42,769,23,21.480246913580245,113.1962962962963,810.0,60.0
43,769,1,22.860849056603772,52.75353773584906,848.0,60.0
40,770,24,25.031205673758866,230.2936170212766,705.0,50.0
41,770,22,24.99189814814815,173.44444444444446,864.0,63.0
42,770,23,25.12242424242424,112.53939393939395,825.0,60.0
43,770,1,22.87587006960557,52.98607888631091,862.0,61.0
40,771,24,21.095652173913045,232.2463768115942,690.0,49.0
41,771,22,24.64245810055866,174.94748603351957,895.0,63.0
42,771,23,21.70637785800241,114.52346570397111,831.0,61.0
43,771,1,22.847398843930637,53.17109826589596,865.0,61.0
40,772,24,21.021148036253777,233.08610271903322,662.0,47.0
41,772,22,24.628445424476297,176.3020948180816,907.0,64.0
42,772,23,25.113500597371566,113.87216248506572,837.0,62.0
43,772,1,25.56763005780347,53.38034682080925,865.0,62.0
40,773,24,21.233024691358025,233.66666666666666,648.0,46.0
41,773,22,21.906214689265536,177.9593220338983,885.0,64.0
42,773,23,21.677380952380954,115.61309523809524,840.0,61.0
43,773,1,22.87243735763098,53.594533029612755,878.0,62.0
40,774,24,21.008077544426495,234.52180936995154,619.0,44.0
41,774,22,21.909395973154364,179.57494407158836,894.0,65.0
42,774,23,21.689614935822636,116.9369894982497,857.0,63.0
43,774,1,22.865079365079364,53.766439909297056,882.0,62.0
40,775,24,24.90940170940171,234.50940170940171,585.0,42.0
41,775,22,24.620171673819744,180.89484978540773,932.0,65.0
42,775,23,25.303488372093025,115.87906976744186,860.0,63.0
43,775,1,22.85395763656633,54.14046822742475,897.0,63.0
40,776,24,24.61101243339254,235.8152753108348,563.0,40.0
41,776,22,24.632415254237287,182.33474576271186,944.0,66.0
42,776,23,25.31408775981524,116.98267898383372,866.0,63.0
43,776,1,22.851769911504423,54.424778761061944,904.0,64.0
40,777,24,20.94360902255639,237.50751879699249,532.0,38.0
41,777,22,24.61151832460733,183.75497382198952,955.0,67.0
42,777,23,21.665142857142857,119.27542857142858,875.0,64.0
43,777,1,22.845733041575492,54.2855579868709,914.0,64.0
40,778,24,20.790419161676645,238.3552894211577,501.0,37.0
41,778,22,21.917910447761194,185.80916844349682,938.0,68.0
42,778,23,21.65158371040724,119.96493212669684,884.0,65.0
43,778,1,22.83442265795207,54.56644880174292,918.0,64.0
40,779,24,24.462321792260692,238.37881873727088,491.0,35.0
41,779,22,21.931578947368422,187.22,950.0,68.0
42,779,23,21.644295302013422,120.75279642058166,894.0,65.0
43,779,1,22.85157096424702,55.11917659804984,923.0,65.0
41,780,22,24.966701352757543,187.8709677419355,961.0,69.0
42,780,23,21.634146341463413,122.15631929046563,902.0,66.0
43,780,1,22.840595111583422,55.32837407013815,941.0,66.0
41,781,22,24.61919191919192,189.93232323232323,990.0,69.0
42,781,23,25.289473684210527,120.92872807017544,912.0,67.0
43,781,1,22.841825902335458,55.69426751592356,942.0,66.0
41,782,22,22.14591836734694,191.92244897959185,980.0,70.0
42,782,23,25.31515812431843,121.81243184296619,917.0,67.0
43,782,1,22.835774058577407,55.99476987447699,956.0,67.0
41,783,22,24.571005917159763,192.8629191321499,1014.0,71.0
42,783,23,21.629310344827587,124.52586206896552,928.0,68.0
43,783,1,22.816770186335404,56.315734989648035,966.0,68.0
41,784,22,21.90954773869347,194.6321608040201,995.0,71.0
42,784,23,21.619506966773848,125.34190782422294,933.0,68.0
43,784,1,22.829896907216494,56.66082474226804,970.0,68.0
41,785,22,24.54801163918526,195.35887487875848,1031.0,72.0
42,785,23,21.627682403433475,126.33369098712447,932.0,68.0
43,785,1,25.541795665634673,56.82043343653251,969.0,69.0
41,786,22,24.561722488038278,196.86698564593303,1045.0,73.0
42,786,23,21.60401267159451,127.17001055966209,947.0,69.0
43,786,1,22.823293172690764,57.30120481927711,996.0,70.0
41,787,22,24.54579792256846,198.43437204910293,1059.0,74.0
42,787,23,25.308654848800835,126.30448383733055,959.0,70.0
43,787,1,22.81881881881882,57.32032032032032,999.0,70.0
41,788,22,22.090297790585975,201.26993275696447,1041.0,74.0
42,788,23,21.59236326109391,129.7017543859649,969.0,71.0
43,788,1,22.81360946745562,57.946745562130175,1014.0,71.0
41,789,22,24.8912839737582,202.24554826616682,1067.0,76.0
42,789,23,21.60247167868177,130.75180226570546,971.0,71.0
43,789,1,22.790856031128406,58.33463035019455,1028.0,72.0
41,790,22,21.892992424242426,204.34375,1056.0,76.0
42,790,23,21.591691995947315,131.41742654508613,987.0,72.0
43,790,1,25.57086999022483,58.79863147605083,1023.0,72.0
